id,first_name,last_name,email,number,,,,,,,,,,,,
1,Case,Babar,cbabar0@blogspot.com,7805820001,,,,,,,,,,,,
2,Cecile,Godsafe,cgodsafe1@auda.org.au,7805820002,,,,,,,,,,,,
3,Mozes,Odell,modell2@sciencedirect.com,7805820003,,,,,,,,,,,,
4,Terry,Glennon,tglennon3@java.com,7805820004,,,,,,,,,,,,
5,Roberta,Craik,rcraik4@sciencedirect.com,7805820005,,,,,,,,,,,,
6,Melisse,Weedenburg,mweedenburg5@mac.com,7805820006,,,,,,,,,,,,
7,Pip,Carradice,pcarradice6@earthlink.net,7805820007,,,,,,,,,,,,
8,Jedidiah,Lealle,jlealle7@creativecommons.org,7805820008,,,,,,,,,,,,
9,Lonnard,Extall,lextall8@shop-pro.jp,7805820009,,,,,,,,,,,,
10,Gabi,Thayre,gthayre9@yellowbook.com,7805820010,,,,,,,,,,,,
11,Hyacintha,Grabbam,hgrabbama@meetup.com,7805820011,,,,,,,,,,,,
12,Sofie,Lindores,slindoresb@house.gov,7805820012,,,,,,,,,,,,
13,Emile,Norquoy,enorquoyc@mayoclinic.com,7805820013,,,,,,,,,,,,
14,Murry,Whales,mwhalesd@vinaora.com,7805820014,,,,,,,,,,,,
15,Kelly,Leechman,kleechmane@admin.ch,7805820015,,,,,,,,,,,,
16,Arthur,Sindle,asindlef@netscape.com,7805820016,,,,,,,,,,,,
17,Jodee,Klesl,jkleslg@hao123.com,7805820017,,,,,,,,,,,,
18,Danika,Jimmison,djimmisonh@deliciousdays.com,7805820018,,,,,,,,,,,,
19,Roxie,Doole,rdoolei@samsung.com,7805820019,,,,,,,,,,,,
20,Valle,Jackalin,vjackalinj@uol.com.br,7805820020,,,,,,,,,,,,
21,Cordula,Nodin,cnodink@nymag.com,7805820021,,,,,,,,,,,,
22,Ava,Le Quesne,alequesnel@free.fr,7805820022,,,,,,,,,,,,
23,Georgetta,Knapper,gknapperm@umich.edu,7805820023,,,,,,,,,,,,
24,Darla,Lingley,dlingleyn@macromedia.com,7805820024,,,,,,,,,,,,
25,Lutero,Harmour,lharmouro@cdc.gov,7805820025,,,,,,,,,,,,
26,Kincaid,Le Grys,klegrysp@marketwatch.com,7805820026,,,,,,,,,,,,
27,Tailor,Jedryka,tjedrykaq@nba.com,7805820027,,,,,,,,,,,,
28,Adrianne,Kinkade,akinkader@stumbleupon.com,7805820028,,,,,,,,,,,,
29,Ainslie,Dufaur,adufaurs@newyorker.com,7805820029,,,,,,,,,,,,
30,Marlow,Seifert,mseifertt@unesco.org,7805820030,,,,,,,,,,,,
31,Rolfe,Winram,rwinramu@gravatar.com,7805820031,,,,,,,,,,,,
32,Rebekkah,Buckthorp,rbuckthorpv@is.gd,7805820032,,,,,,,,,,,,
33,Saba,Willbond,swillbondw@addtoany.com,7805820033,,,,,,,,,,,,
34,Mellicent,Ostridge,mostridgex@bbc.co.uk,7805820034,,,,,,,,,,,,
35,Edithe,Nutty,enuttyy@fastcompany.com,7805820035,,,,,,,,,,,,
36,Lola,Budleigh,lbudleighz@printfriendly.com,7805820036,,,,,,,,,,,,
37,Hort,MacCome,hmaccome10@adobe.com,7805820037,,,,,,,,,,,,
38,Mischa,Grugerr,mgrugerr11@wordpress.org,7805820038,,,,,,,,,,,,
39,Gavin,Fish,gfish12@4shared.com,7805820039,,,,,,,,,,,,
40,Gustie,Heliar,gheliar13@apple.com,7805820040,,,,,,,,,,,,
41,Heloise,McCritchie,hmccritchie14@imgur.com,7805820041,,,,,,,,,,,,
42,Nealson,Firidolfi,nfiridolfi15@tuttocitta.it,7805820042,,,,,,,,,,,,
43,Cornelia,Babbe,cbabbe16@networksolutions.com,7805820043,,,,,,,,,,,,
44,Fannie,Cunney,fcunney17@alexa.com,7805820044,,,,,,,,,,,,
45,Renate,Poate,rpoate18@gov.uk,7805820045,,,,,,,,,,,,
46,Adel,Shrubb,ashrubb19@ask.com,7805820046,,,,,,,,,,,,
47,Spence,Basterfield,sbasterfield1a@freewebs.com,7805820047,,,,,,,,,,,,
48,Fredra,Paradine,fparadine1b@xrea.com,7805820048,,,,,,,,,,,,
49,Courtnay,Roussell,croussell1c@utexas.edu,7805820049,,,,,,,,,,,,
50,Sydney,Guntrip,sguntrip1d@dyndns.org,7805820050,,,,,,,,,,,,
51,Hobart,Beazey,hbeazey1e@mysql.com,7805820051,,,,,,,,,,,,
52,Nicolai,Pariss,npariss1f@ted.com,7805820052,,,,,,,,,,,,
53,Derek,Krol,dkrol1g@cocolog-nifty.com,7805820053,,,,,,,,,,,,
54,Jeremiah,Bridel,jbridel1h@oaic.gov.au,7805820054,,,,,,,,,,,,
55,Hieronymus,Davydochkin,hdavydochkin1i@answers.com,7805820055,,,,,,,,,,,,
56,Ernie,Crosetto,ecrosetto1j@alibaba.com,7805820056,,,,,,,,,,,,
57,Issi,Cooch,icooch1k@weebly.com,7805820057,,,,,,,,,,,,
58,Baldwin,Northin,bnorthin1l@umich.edu,7805820058,,,,,,,,,,,,
59,Crissy,Cobley,ccobley1m@com.com,7805820059,,,,,,,,,,,,
60,Brandy,Erdis,berdis1n@dailymail.co.uk,7805820060,,,,,,,,,,,,
61,Fonzie,Linton,flinton1o@bloglovin.com,7805820061,,,,,,,,,,,,
62,Valentin,Kells,vkells1p@theglobeandmail.com,7805820062,,,,,,,,,,,,
63,Laurette,Ingold,lingold1q@about.com,7805820063,,,,,,,,,,,,
64,Micky,Wixon,mwixon1r@youtu.be,7805820064,,,,,,,,,,,,
65,Halli,Lohmeyer,hlohmeyer1s@hatena.ne.jp,7805820065,,,,,,,,,,,,
66,Timmy,Pigford,tpigford1t@senate.gov,7805820066,,,,,,,,,,,,
67,Sloan,Boskell,sboskell1u@fc2.com,7805820067,,,,,,,,,,,,
68,Lucas,Janusz,ljanusz1v@rambler.ru,7805820068,,,,,,,,,,,,
69,Tynan,MacEllen,tmacellen1w@usnews.com,7805820069,,,,,,,,,,,,
70,Kitti,Bratch,kbratch1x@cnbc.com,7805820070,,,,,,,,,,,,
71,Aldis,Acosta,aacosta1y@jiathis.com,7805820071,,,,,,,,,,,,
72,Tracy,Spurier,tspurier1z@nbcnews.com,7805820072,,,,,,,,,,,,
73,Xenos,Bernocchi,xbernocchi20@example.com,7805820073,,,,,,,,,,,,
74,Jillie,Sperrett,jsperrett21@indiegogo.com,7805820074,,,,,,,,,,,,
75,Dennis,Bilfoot,dbilfoot22@wp.com,7805820075,,,,,,,,,,,,
76,Angelia,Kennewell,akennewell23@wordpress.org,7805820076,,,,,,,,,,,,
77,Karlotte,Zimmermeister,kzimmermeister24@rambler.ru,7805820077,,,,,,,,,,,,
78,Lemmy,Plume,lplume25@paginegialle.it,7805820078,,,,,,,,,,,,
79,Corrie,Polfer,cpolfer26@ovh.net,7805820079,,,,,,,,,,,,
80,Ray,Arrundale,rarrundale27@360.cn,7805820080,,,,,,,,,,,,
81,Moise,O'Shee,moshee28@timesonline.co.uk,7805820081,,,,,,,,,,,,
82,Durant,Moff,dmoff29@discovery.com,7805820082,,,,,,,,,,,,
83,Sondra,McFee,smcfee2a@delicious.com,7805820083,,,,,,,,,,,,
84,Dina,Fairholm,dfairholm2b@nsw.gov.au,7805820084,,,,,,,,,,,,
85,Ulrike,Bushrod,ubushrod2c@desdev.cn,7805820085,,,,,,,,,,,,
86,Marylinda,Barrett,mbarrett2d@trellian.com,7805820086,,,,,,,,,,,,
87,Manny,Godwyn,mgodwyn2e@eventbrite.com,7805820087,,,,,,,,,,,,
88,Emelina,Iffe,eiffe2f@infoseek.co.jp,7805820088,,,,,,,,,,,,
89,Egon,Guerrin,eguerrin2g@is.gd,7805820089,,,,,,,,,,,,
90,Enos,Aguirre,eaguirre2h@bigcartel.com,7805820090,,,,,,,,,,,,
91,Fran,Millberg,fmillberg2i@bbc.co.uk,7805820091,,,,,,,,,,,,
92,Dotti,Larratt,dlarratt2j@rakuten.co.jp,7805820092,,,,,,,,,,,,
93,Merrie,Rosewell,mrosewell2k@vimeo.com,7805820093,,,,,,,,,,,,
94,Asa,Bravey,abravey2l@uol.com.br,7805820094,,,,,,,,,,,,
95,Erin,Calcutt,ecalcutt2m@nps.gov,7805820095,,,,,,,,,,,,
96,Rikki,Sillick,rsillick2n@nbcnews.com,7805820096,,,,,,,,,,,,
97,Hestia,Dockray,hdockray2o@trellian.com,7805820097,,,,,,,,,,,,
98,Alecia,McTrustey,amctrustey2p@lulu.com,7805820098,,,,,,,,,,,,
99,Warner,Ysson,wysson2q@mozilla.com,7805820099,,,,,,,,,,,,
100,Bessie,Machans,bmachans2r@deliciousdays.com,7805820100,,,,,,,,,,,,
101,Maud,Hune,mhune2s@woothemes.com,7805820101,,,,,,,,,,,,
102,Alysia,Fullerd,afullerd2t@lulu.com,7805820102,,,,,,,,,,,,
103,Natalina,Tarbatt,ntarbatt2u@gizmodo.com,7805820103,,,,,,,,,,,,
104,Sullivan,Connolly,sconnolly2v@canalblog.com,7805820104,,,,,,,,,,,,
105,Aube,Garley,agarley2w@tinyurl.com,7805820105,,,,,,,,,,,,
106,Ranique,Alves,ralves2x@umich.edu,7805820106,,,,,,,,,,,,
107,Dredi,Farnhill,dfarnhill2y@loc.gov,7805820107,,,,,,,,,,,,
108,Booth,Guidotti,bguidotti2z@nps.gov,7805820108,,,,,,,,,,,,
109,Alla,Mottini,amottini30@mediafire.com,7805820109,,,,,,,,,,,,
110,Denney,Tander,dtander31@pbs.org,7805820110,,,,,,,,,,,,
111,Carleen,Brecknall,cbrecknall32@tripod.com,7805820111,,,,,,,,,,,,
112,Emera,Antonijevic,eantonijevic33@yellowpages.com,7805820112,,,,,,,,,,,,
113,Obediah,MacKay,omackay34@google.fr,7805820113,,,,,,,,,,,,
114,Odetta,Armsby,oarmsby35@hud.gov,7805820114,,,,,,,,,,,,
115,Jacky,Wands,jwands36@bloglines.com,7805820115,,,,,,,,,,,,
116,Ashley,Fockes,afockes37@newsvine.com,7805820116,,,,,,,,,,,,
117,Beck,Radmore,bradmore38@usgs.gov,7805820117,,,,,,,,,,,,
118,Jerrilee,Dunbabin,jdunbabin39@jigsy.com,7805820118,,,,,,,,,,,,
119,Britney,Kitman,bkitman3a@etsy.com,7805820119,,,,,,,,,,,,
120,Henrie,Childe,hchilde3b@weebly.com,7805820120,,,,,,,,,,,,
121,Walt,Schirach,wschirach3c@youku.com,7805820121,,,,,,,,,,,,
122,Colleen,Ranaghan,cranaghan3d@economist.com,7805820122,,,,,,,,,,,,
123,Lauryn,Chetwind,lchetwind3e@opensource.org,7805820123,,,,,,,,,,,,
124,Sonny,Mix,smix3f@de.vu,7805820124,,,,,,,,,,,,
125,Lennard,Roullier,lroullier3g@cdc.gov,7805820125,,,,,,,,,,,,
126,Zoe,Nollet,znollet3h@yelp.com,7805820126,,,,,,,,,,,,
127,Web,Rustman,wrustman3i@tamu.edu,7805820127,,,,,,,,,,,,
128,Shanda,Senussi,ssenussi3j@google.co.jp,7805820128,,,,,,,,,,,,
129,Sher,Gedge,sgedge3k@auda.org.au,7805820129,,,,,,,,,,,,
130,Emmalynne,Doumenc,edoumenc3l@dailymotion.com,7805820130,,,,,,,,,,,,
131,Frederic,Hellmer,fhellmer3m@hostgator.com,7805820131,,,,,,,,,,,,
132,Austina,Jurczak,ajurczak3n@google.ca,7805820132,,,,,,,,,,,,
133,Ruthe,Blackway,rblackway3o@ft.com,7805820133,,,,,,,,,,,,
134,Staci,Mohammed,smohammed3p@exblog.jp,7805820134,,,,,,,,,,,,
135,Aurea,Nacci,anacci3q@google.ca,7805820135,,,,,,,,,,,,
136,Cassandry,Stone,cstone3r@123-reg.co.uk,7805820136,,,,,,,,,,,,
137,Myriam,Grivori,mgrivori3s@psu.edu,7805820137,,,,,,,,,,,,
138,Daryl,Roblin,droblin3t@hp.com,7805820138,,,,,,,,,,,,
139,Jillane,Petschelt,jpetschelt3u@webeden.co.uk,7805820139,,,,,,,,,,,,
140,Gusta,Graysmark,ggraysmark3v@opera.com,7805820140,,,,,,,,,,,,
141,Thia,Baxter,tbaxter3w@archive.org,7805820141,,,,,,,,,,,,
142,Bonny,Bloodworth,bbloodworth3x@businessinsider.com,7805820142,,,,,,,,,,,,
143,Field,Thurske,fthurske3y@hatena.ne.jp,7805820143,,,,,,,,,,,,
144,Louise,Metzing,lmetzing3z@networkadvertising.org,7805820144,,,,,,,,,,,,
145,Egan,Browell,ebrowell40@qq.com,7805820145,,,,,,,,,,,,
146,Cristabel,Bowmen,cbowmen41@noaa.gov,7805820146,,,,,,,,,,,,
147,Bert,Halsworth,bhalsworth42@xing.com,7805820147,,,,,,,,,,,,
148,Dulsea,Wasselin,dwasselin43@exblog.jp,7805820148,,,,,,,,,,,,
149,Cherilyn,Staterfield,cstaterfield44@yahoo.co.jp,7805820149,,,,,,,,,,,,
150,Justinn,Duiged,jduiged45@1und1.de,7805820150,,,,,,,,,,,,
151,Nari,Oxx,noxx46@lulu.com,7805820151,,,,,,,,,,,,
152,Juline,Beddon,jbeddon47@zimbio.com,7805820152,,,,,,,,,,,,
153,Amalie,MacGeffen,amacgeffen48@jiathis.com,7805820153,,,,,,,,,,,,
154,Ewart,Grocutt,egrocutt49@dagondesign.com,7805820154,,,,,,,,,,,,
155,Langston,Crosbie,lcrosbie4a@hexun.com,7805820155,,,,,,,,,,,,
156,Gabriele,Agott,gagott4b@blinklist.com,7805820156,,,,,,,,,,,,
157,Codie,Sellstrom,csellstrom4c@github.com,7805820157,,,,,,,,,,,,
158,Ford,Caso,fcaso4d@w3.org,7805820158,,,,,,,,,,,,
159,Amata,Hawkett,ahawkett4e@github.io,7805820159,,,,,,,,,,,,
160,Gustave,Easom,geasom4f@craigslist.org,7805820160,,,,,,,,,,,,
161,Iain,Coaker,icoaker4g@cisco.com,7805820161,,,,,,,,,,,,
162,Isaac,Grzeszczyk,igrzeszczyk4h@nbcnews.com,7805820162,,,,,,,,,,,,
163,Lindy,Elloy,lelloy4i@scribd.com,7805820163,,,,,,,,,,,,
164,Ileana,Stanistrete,istanistrete4j@hp.com,7805820164,,,,,,,,,,,,
165,Maxy,Courteney,mcourteney4k@google.it,7805820165,,,,,,,,,,,,
166,Yance,Smithend,ysmithend4l@constantcontact.com,7805820166,,,,,,,,,,,,
167,Leicester,Brewerton,lbrewerton4m@census.gov,7805820167,,,,,,,,,,,,
168,Tiebold,Philippou,tphilippou4n@whitehouse.gov,7805820168,,,,,,,,,,,,
169,Theo,Delamaine,tdelamaine4o@toplist.cz,7805820169,,,,,,,,,,,,
170,Berti,Danby,bdanby4p@slate.com,7805820170,,,,,,,,,,,,
171,Lita,Castellino,lcastellino4q@163.com,7805820171,,,,,,,,,,,,
172,Basile,Verbruggen,bverbruggen4r@state.gov,7805820172,,,,,,,,,,,,
173,Josepha,Holme,jholme4s@trellian.com,7805820173,,,,,,,,,,,,
174,Corbie,Briamo,cbriamo4t@mediafire.com,7805820174,,,,,,,,,,,,
175,Raddie,Meekings,rmeekings4u@elpais.com,7805820175,,,,,,,,,,,,
176,Hyatt,Ingrey,hingrey4v@google.de,7805820176,,,,,,,,,,,,
177,Felicio,Furze,ffurze4w@icq.com,7805820177,,,,,,,,,,,,
178,Fernanda,Chezier,fchezier4x@usnews.com,7805820178,,,,,,,,,,,,
179,Cecelia,Cornhill,ccornhill4y@oakley.com,7805820179,,,,,,,,,,,,
180,Hedvige,Dachey,hdachey4z@google.nl,7805820180,,,,,,,,,,,,
181,Moyna,Grose,mgrose50@mozilla.org,7805820181,,,,,,,,,,,,
182,Northrup,Batsford,nbatsford51@ycombinator.com,7805820182,,,,,,,,,,,,
183,Kira,Spinola,kspinola52@hc360.com,7805820183,,,,,,,,,,,,
184,Britt,Feldbaum,bfeldbaum53@google.cn,7805820184,,,,,,,,,,,,
185,Brig,Addinall,baddinall54@noaa.gov,7805820185,,,,,,,,,,,,
186,Tami,Baldery,tbaldery55@cam.ac.uk,7805820186,,,,,,,,,,,,
187,Hi,Lenahan,hlenahan56@imdb.com,7805820187,,,,,,,,,,,,
188,Mitchell,Lauritsen,mlauritsen57@sciencedaily.com,7805820188,,,,,,,,,,,,
189,Guthrie,Tomicki,gtomicki58@globo.com,7805820189,,,,,,,,,,,,
190,Marlowe,Doumer,mdoumer59@amazonaws.com,7805820190,,,,,,,,,,,,
191,Lucretia,Ivashev,livashev5a@surveymonkey.com,7805820191,,,,,,,,,,,,
192,Adolf,Douty,adouty5b@examiner.com,7805820192,,,,,,,,,,,,
193,Iosep,Bruins,ibruins5c@t-online.de,7805820193,,,,,,,,,,,,
194,Aldin,Attfield,aattfield5d@biblegateway.com,7805820194,,,,,,,,,,,,
195,Gabriel,Licence,glicence5e@ucsd.edu,7805820195,,,,,,,,,,,,
196,Buiron,Burdge,bburdge5f@salon.com,7805820196,,,,,,,,,,,,
197,Jelene,Grunnill,jgrunnill5g@bbb.org,7805820197,,,,,,,,,,,,
198,Faunie,Cubuzzi,fcubuzzi5h@netscape.com,7805820198,,,,,,,,,,,,
199,Waldon,Mattessen,wmattessen5i@blinklist.com,7805820199,,,,,,,,,,,,
200,Thibaut,Loines,tloines5j@dot.gov,7805820200,,,,,,,,,,,,
201,Joice,Langfitt,jlangfitt5k@skype.com,7805820201,,,,,,,,,,,,
202,Sigmund,McHardy,smchardy5l@msu.edu,7805820202,,,,,,,,,,,,
203,Davy,Brandi,dbrandi5m@examiner.com,7805820203,,,,,,,,,,,,
204,Kyle,Josilowski,kjosilowski5n@senate.gov,7805820204,,,,,,,,,,,,
205,Wilton,Weatherell,wweatherell5o@ted.com,7805820205,,,,,,,,,,,,
206,Bobette,Florey,bflorey5p@upenn.edu,7805820206,,,,,,,,,,,,
207,Pauline,Pharrow,ppharrow5q@netlog.com,7805820207,,,,,,,,,,,,
208,Cherilynn,Willment,cwillment5r@google.nl,7805820208,,,,,,,,,,,,
209,Johannes,Vereker,jvereker5s@gravatar.com,7805820209,,,,,,,,,,,,
210,Derrick,Donnison,ddonnison5t@nydailynews.com,7805820210,,,,,,,,,,,,
211,Nadine,Tyne,ntyne5u@hc360.com,7805820211,,,,,,,,,,,,
212,Courtenay,Fancy,cfancy5v@elpais.com,7805820212,,,,,,,,,,,,
213,Venita,Rysom,vrysom5w@unblog.fr,7805820213,,,,,,,,,,,,
214,Aksel,Verny,averny5x@histats.com,7805820214,,,,,,,,,,,,
215,Martguerita,Moen,mmoen5y@smh.com.au,7805820215,,,,,,,,,,,,
216,Hannis,Everson,heverson5z@vimeo.com,7805820216,,,,,,,,,,,,
217,Dmitri,Hillyatt,dhillyatt60@dyndns.org,7805820217,,,,,,,,,,,,
218,Banky,Vial,bvial61@oracle.com,7805820218,,,,,,,,,,,,
219,Abbey,Haggith,ahaggith62@imageshack.us,7805820219,,,,,,,,,,,,
220,Llywellyn,Perigeaux,lperigeaux63@telegraph.co.uk,7805820220,,,,,,,,,,,,
221,Eldin,Bootland,ebootland64@imdb.com,7805820221,,,,,,,,,,,,
222,Karil,Emmins,kemmins65@blogtalkradio.com,7805820222,,,,,,,,,,,,
223,Sandro,Rentelll,srentelll66@wordpress.com,7805820223,,,,,,,,,,,,
224,Tobiah,Ryves,tryves67@jigsy.com,7805820224,,,,,,,,,,,,
225,Herbie,McGilvray,hmcgilvray68@salon.com,7805820225,,,,,,,,,,,,
226,Collette,Medcraft,cmedcraft69@google.com.br,7805820226,,,,,,,,,,,,
227,Harley,Castro,hcastro6a@facebook.com,7805820227,,,,,,,,,,,,
228,Padget,Stuchburie,pstuchburie6b@msu.edu,7805820228,,,,,,,,,,,,
229,Jaime,Pinsent,jpinsent6c@wiley.com,7805820229,,,,,,,,,,,,
230,Cecelia,Behnke,cbehnke6d@163.com,7805820230,,,,,,,,,,,,
231,Sidonia,Jennens,sjennens6e@zdnet.com,7805820231,,,,,,,,,,,,
232,Regan,D'Elia,rdelia6f@devhub.com,7805820232,,,,,,,,,,,,
233,Ruttger,Angus,rangus6g@w3.org,7805820233,,,,,,,,,,,,
234,Hilly,Trenaman,htrenaman6h@ca.gov,7805820234,,,,,,,,,,,,
235,Essy,Gulberg,egulberg6i@wordpress.org,7805820235,,,,,,,,,,,,
236,Coralyn,Durie,cdurie6j@artisteer.com,7805820236,,,,,,,,,,,,
237,Cayla,Viveash,cviveash6k@hibu.com,7805820237,,,,,,,,,,,,
238,Say,Mapston,smapston6l@trellian.com,7805820238,,,,,,,,,,,,
239,Elissa,Shuxsmith,eshuxsmith6m@theglobeandmail.com,7805820239,,,,,,,,,,,,
240,Orren,Breitling,obreitling6n@harvard.edu,7805820240,,,,,,,,,,,,
241,Lizabeth,Lysons,llysons6o@dailymail.co.uk,7805820241,,,,,,,,,,,,
242,Otis,Gledhall,ogledhall6p@hhs.gov,7805820242,,,,,,,,,,,,
243,Christi,Skehens,cskehens6q@princeton.edu,7805820243,,,,,,,,,,,,
244,Bathsheba,Pomphrey,bpomphrey6r@ifeng.com,7805820244,,,,,,,,,,,,
245,Maureene,Rosso,mrosso6s@theguardian.com,7805820245,,,,,,,,,,,,
246,Charissa,Barry,cbarry6t@360.cn,7805820246,,,,,,,,,,,,
247,Denni,Boyland,dboyland6u@t.co,7805820247,,,,,,,,,,,,
248,Garner,Norssister,gnorssister6v@kickstarter.com,7805820248,,,,,,,,,,,,
249,Quentin,Roston,qroston6w@weather.com,7805820249,,,,,,,,,,,,
250,Maurizia,Placido,mplacido6x@ox.ac.uk,7805820250,,,,,,,,,,,,
251,Carma,Hartus,chartus6y@yandex.ru,7805820251,,,,,,,,,,,,
252,Brandyn,Rowley,browley6z@reddit.com,7805820252,,,,,,,,,,,,
253,Cully,Celez,ccelez70@123-reg.co.uk,7805820253,,,,,,,,,,,,
254,Engelbert,Nuemann,enuemann71@123-reg.co.uk,7805820254,,,,,,,,,,,,
255,Tasia,Bensley,tbensley72@free.fr,7805820255,,,,,,,,,,,,
256,Sophi,Gainseford,sgainseford73@skype.com,7805820256,,,,,,,,,,,,
257,Deonne,Matysik,dmatysik74@ihg.com,7805820257,,,,,,,,,,,,
258,Tildie,Cokely,tcokely75@lulu.com,7805820258,,,,,,,,,,,,
259,Tim,Andreichik,tandreichik76@irs.gov,7805820259,,,,,,,,,,,,
260,Bonnee,Glennard,bglennard77@youtube.com,7805820260,,,,,,,,,,,,
261,Orv,Beacroft,obeacroft78@imgur.com,7805820261,,,,,,,,,,,,
262,Alina,Jewess,ajewess79@fda.gov,7805820262,,,,,,,,,,,,
263,Jerry,Sesser,jsesser7a@opensource.org,7805820263,,,,,,,,,,,,
264,Kelvin,Sambiedge,ksambiedge7b@wufoo.com,7805820264,,,,,,,,,,,,
265,Lindie,Winterborne,lwinterborne7c@examiner.com,7805820265,,,,,,,,,,,,
266,Lora,Delgua,ldelgua7d@mozilla.com,7805820266,,,,,,,,,,,,
267,Lucretia,Awton,lawton7e@vk.com,7805820267,,,,,,,,,,,,
268,Laure,Seeking,lseeking7f@youku.com,7805820268,,,,,,,,,,,,
269,Brade,Emblen,bemblen7g@mayoclinic.com,7805820269,,,,,,,,,,,,
270,Anna,Alpes,aalpes7h@wired.com,7805820270,,,,,,,,,,,,
271,Weider,Laverock,wlaverock7i@tiny.cc,7805820271,,,,,,,,,,,,
272,Laraine,Bendik,lbendik7j@artisteer.com,7805820272,,,,,,,,,,,,
273,Matteo,Corrington,mcorrington7k@globo.com,7805820273,,,,,,,,,,,,
274,Una,Warton,uwarton7l@friendfeed.com,7805820274,,,,,,,,,,,,
275,Giffy,Jiru,gjiru7m@blogspot.com,7805820275,,,,,,,,,,,,
276,Lorettalorna,Udden,ludden7n@cpanel.net,7805820276,,,,,,,,,,,,
277,Wilt,Barter,wbarter7o@dailymail.co.uk,7805820277,,,,,,,,,,,,
278,Joshuah,Laye,jlaye7p@geocities.com,7805820278,,,,,,,,,,,,
279,Dollie,Kemm,dkemm7q@cbslocal.com,7805820279,,,,,,,,,,,,
280,Fiorenze,Brislawn,fbrislawn7r@bloomberg.com,7805820280,,,,,,,,,,,,
281,Xylia,Sowte,xsowte7s@blogtalkradio.com,7805820281,,,,,,,,,,,,
282,Germaine,La Padula,glapadula7t@fda.gov,7805820282,,,,,,,,,,,,
283,Ileana,Raftery,iraftery7u@arizona.edu,7805820283,,,,,,,,,,,,
284,Jerad,Rootes,jrootes7v@cpanel.net,7805820284,,,,,,,,,,,,
285,Edmund,Gland,egland7w@comsenz.com,7805820285,,,,,,,,,,,,
286,Merridie,Besemer,mbesemer7x@guardian.co.uk,7805820286,,,,,,,,,,,,
287,Holli,Marchelli,hmarchelli7y@irs.gov,7805820287,,,,,,,,,,,,
288,Ichabod,Saurin,isaurin7z@instagram.com,7805820288,,,,,,,,,,,,
289,Guntar,Houndesome,ghoundesome80@independent.co.uk,7805820289,,,,,,,,,,,,
290,Rollo,Gallant,rgallant81@flickr.com,7805820290,,,,,,,,,,,,
291,Aggy,Bayless,abayless82@slashdot.org,7805820291,,,,,,,,,,,,
292,Flossi,Carrivick,fcarrivick83@hostgator.com,7805820292,,,,,,,,,,,,
293,Avie,Deplacido,adeplacido84@nationalgeographic.com,7805820293,,,,,,,,,,,,
294,Simone,Frowen,sfrowen85@free.fr,7805820294,,,,,,,,,,,,
295,Gratia,Goodie,ggoodie86@flavors.me,7805820295,,,,,,,,,,,,
296,Lynsey,Jerger,ljerger87@flickr.com,7805820296,,,,,,,,,,,,
297,Norris,Burel,nburel88@cam.ac.uk,7805820297,,,,,,,,,,,,
298,Bennie,Stockport,bstockport89@telegraph.co.uk,7805820298,,,,,,,,,,,,
299,Steven,Borkett,sborkett8a@wordpress.com,7805820299,,,,,,,,,,,,
300,Stillman,Mountstephen,smountstephen8b@amazonaws.com,7805820300,,,,,,,,,,,,
301,Libbey,Cottingham,lcottingham8c@discuz.net,7805820301,,,,,,,,,,,,
302,Chet,Miko,cmiko8d@cbc.ca,7805820302,,,,,,,,,,,,
303,Robert,Nobles,rnobles8e@slashdot.org,7805820303,,,,,,,,,,,,
304,Harrietta,Ison,hison8f@google.com.au,7805820304,,,,,,,,,,,,
305,Nanice,Newlyn,nnewlyn8g@google.pl,7805820305,,,,,,,,,,,,
306,Nesta,Skokoe,nskokoe8h@addtoany.com,7805820306,,,,,,,,,,,,
307,Edi,Brenston,ebrenston8i@chron.com,7805820307,,,,,,,,,,,,
308,Bourke,Kleinbaum,bkleinbaum8j@nba.com,7805820308,,,,,,,,,,,,
309,Melessa,Abreheart,mabreheart8k@prweb.com,7805820309,,,,,,,,,,,,
310,Augustine,Imesen,aimesen8l@yandex.ru,7805820310,,,,,,,,,,,,
311,Jori,Khidr,jkhidr8m@dagondesign.com,7805820311,,,,,,,,,,,,
312,Tonie,Ilyin,tilyin8n@gizmodo.com,7805820312,,,,,,,,,,,,
313,Britney,Brum,bbrum8o@xrea.com,7805820313,,,,,,,,,,,,
314,Wilmar,Chevolleau,wchevolleau8p@cnet.com,7805820314,,,,,,,,,,,,
315,Cally,Erat,cerat8q@sakura.ne.jp,7805820315,,,,,,,,,,,,
316,Anson,Altham,aaltham8r@tinypic.com,7805820316,,,,,,,,,,,,
317,Pier,Pesik,ppesik8s@list-manage.com,7805820317,,,,,,,,,,,,
318,Ange,Halliwell,ahalliwell8t@technorati.com,7805820318,,,,,,,,,,,,
319,Merna,Ablitt,mablitt8u@taobao.com,7805820319,,,,,,,,,,,,
320,Karisa,Bertolaccini,kbertolaccini8v@scientificamerican.com,7805820320,,,,,,,,,,,,
321,Augusta,Satchell,asatchell8w@ucoz.com,7805820321,,,,,,,,,,,,
322,Jemmie,Snoxall,jsnoxall8x@jiathis.com,7805820322,,,,,,,,,,,,
323,Ker,Mc Ilwrick,kmcilwrick8y@goodreads.com,7805820323,,,,,,,,,,,,
324,Silvester,Trigg,strigg8z@ovh.net,7805820324,,,,,,,,,,,,
325,Lilly,MacCallion,lmaccallion90@nyu.edu,7805820325,,,,,,,,,,,,
326,Loren,Forge,lforge91@google.es,7805820326,,,,,,,,,,,,
327,Noni,Gaiter,ngaiter92@bigcartel.com,7805820327,,,,,,,,,,,,
328,Iormina,Chastaing,ichastaing93@google.cn,7805820328,,,,,,,,,,,,
329,Brinna,Sor,bsor94@cloudflare.com,7805820329,,,,,,,,,,,,
330,Tadd,Crosland,tcrosland95@xinhuanet.com,7805820330,,,,,,,,,,,,
331,Elly,Meeland,emeeland96@wunderground.com,7805820331,,,,,,,,,,,,
332,Lorin,Nussen,lnussen97@cornell.edu,7805820332,,,,,,,,,,,,
333,Franny,Jansie,fjansie98@edublogs.org,7805820333,,,,,,,,,,,,
334,Malvina,Winsper,mwinsper99@amazon.co.jp,7805820334,,,,,,,,,,,,
335,Darda,Elphick,delphick9a@amazon.com,7805820335,,,,,,,,,,,,
336,Ebeneser,Pinyon,epinyon9b@csmonitor.com,7805820336,,,,,,,,,,,,
337,Gardener,Glazzard,gglazzard9c@cloudflare.com,7805820337,,,,,,,,,,,,
338,Webster,Eagles,weagles9d@shop-pro.jp,7805820338,,,,,,,,,,,,
339,Morey,Antecki,mantecki9e@symantec.com,7805820339,,,,,,,,,,,,
340,Gustave,Tivers,gtivers9f@cnet.com,7805820340,,,,,,,,,,,,
341,Trevor,Rawdales,trawdales9g@telegraph.co.uk,7805820341,,,,,,,,,,,,
342,Reynard,Houston,rhouston9h@toplist.cz,7805820342,,,,,,,,,,,,
343,Isaiah,Rebbeck,irebbeck9i@hud.gov,7805820343,,,,,,,,,,,,
344,Sabine,Ashelford,sashelford9j@narod.ru,7805820344,,,,,,,,,,,,
345,Chrisy,New,cnew9k@booking.com,7805820345,,,,,,,,,,,,
346,Karleen,Londesborough,klondesborough9l@domainmarket.com,7805820346,,,,,,,,,,,,
347,Carlita,Wethered,cwethered9m@storify.com,7805820347,,,,,,,,,,,,
348,Dania,Salters,dsalters9n@ca.gov,7805820348,,,,,,,,,,,,
349,Goran,Couchman,gcouchman9o@domainmarket.com,7805820349,,,,,,,,,,,,
350,Ezequiel,Guite,eguite9p@nytimes.com,7805820350,,,,,,,,,,,,
351,Phillipp,Mapples,pmapples9q@skype.com,7805820351,,,,,,,,,,,,
352,Kaja,Dawltrey,kdawltrey9r@vkontakte.ru,7805820352,,,,,,,,,,,,
353,Lucius,Lambell,llambell9s@census.gov,7805820353,,,,,,,,,,,,
354,Craggy,Jiggins,cjiggins9t@unc.edu,7805820354,,,,,,,,,,,,
355,Stephana,Bernardy,sbernardy9u@google.es,7805820355,,,,,,,,,,,,
356,Carie,Penna,cpenna9v@altervista.org,7805820356,,,,,,,,,,,,
357,Artur,Antonoyev,aantonoyev9w@reuters.com,7805820357,,,,,,,,,,,,
358,Denna,Castiello,dcastiello9x@examiner.com,7805820358,,,,,,,,,,,,
359,Dory,Syphus,dsyphus9y@indiatimes.com,7805820359,,,,,,,,,,,,
360,Konstanze,Calafato,kcalafato9z@com.com,7805820360,,,,,,,,,,,,
361,Giffie,Precious,gpreciousa0@google.nl,7805820361,,,,,,,,,,,,
362,Derrek,Trinke,dtrinkea1@booking.com,7805820362,,,,,,,,,,,,
363,Ardisj,MacUchadair,amacuchadaira2@aol.com,7805820363,,,,,,,,,,,,
364,D'arcy,Stormont,dstormonta3@tuttocitta.it,7805820364,,,,,,,,,,,,
365,Vanni,Entwistle,ventwistlea4@nps.gov,7805820365,,,,,,,,,,,,
366,Shelley,Haston,shastona5@netlog.com,7805820366,,,,,,,,,,,,
367,Gae,Welch,gwelcha6@instagram.com,7805820367,,,,,,,,,,,,
368,Kelley,Rhule,krhulea7@jimdo.com,7805820368,,,,,,,,,,,,
369,Kori,Burnside,kburnsidea8@icio.us,7805820369,,,,,,,,,,,,
370,Quent,Holhouse,qholhousea9@globo.com,7805820370,,,,,,,,,,,,
371,Dorree,Wyre,dwyreaa@printfriendly.com,7805820371,,,,,,,,,,,,
372,Darbie,Teresa,dteresaab@mapquest.com,7805820372,,,,,,,,,,,,
373,Serge,Valentin,svalentinac@boston.com,7805820373,,,,,,,,,,,,
374,Riobard,Sparrowhawk,rsparrowhawkad@last.fm,7805820374,,,,,,,,,,,,
375,Koralle,Perrigo,kperrigoae@lycos.com,7805820375,,,,,,,,,,,,
376,Abra,McKernon,amckernonaf@ustream.tv,7805820376,,,,,,,,,,,,
377,Al,Hassen,ahassenag@drupal.org,7805820377,,,,,,,,,,,,
378,Fanechka,Kunath,fkunathah@bandcamp.com,7805820378,,,,,,,,,,,,
379,Audrey,Laurens,alaurensai@nationalgeographic.com,7805820379,,,,,,,,,,,,
380,Noreen,Swafield,nswafieldaj@theatlantic.com,7805820380,,,,,,,,,,,,
381,Nanny,Pouton,npoutonak@constantcontact.com,7805820381,,,,,,,,,,,,
382,Deina,Brothwood,dbrothwoodal@addtoany.com,7805820382,,,,,,,,,,,,
383,Si,Donneely,sdonneelyam@ustream.tv,7805820383,,,,,,,,,,,,
384,Carlen,Pipworth,cpipworthan@com.com,7805820384,,,,,,,,,,,,
385,Scot,Chugg,schuggao@fda.gov,7805820385,,,,,,,,,,,,
386,Sally,More,smoreap@smugmug.com,7805820386,,,,,,,,,,,,
387,Hal,Ritchley,hritchleyaq@dailymotion.com,7805820387,,,,,,,,,,,,
388,Alfredo,Brownscombe,abrownscombear@cafepress.com,7805820388,,,,,,,,,,,,
389,Arnaldo,Winders,awindersas@scientificamerican.com,7805820389,,,,,,,,,,,,
390,Delmer,Kerry,dkerryat@fotki.com,7805820390,,,,,,,,,,,,
391,Glynnis,Paige,gpaigeau@acquirethisname.com,7805820391,,,,,,,,,,,,
392,Dalston,Skamal,dskamalav@feedburner.com,7805820392,,,,,,,,,,,,
393,Malorie,Shernock,mshernockaw@istockphoto.com,7805820393,,,,,,,,,,,,
394,Ozzy,Limprecht,olimprechtax@youtube.com,7805820394,,,,,,,,,,,,
395,Regan,Ferber,rferberay@quantcast.com,7805820395,,,,,,,,,,,,
396,Camala,Spring,cspringaz@ehow.com,7805820396,,,,,,,,,,,,
397,Wiley,Shorter,wshorterb0@imageshack.us,7805820397,,,,,,,,,,,,
398,Sisely,Balnaves,sbalnavesb1@deliciousdays.com,7805820398,,,,,,,,,,,,
399,Tessa,Gunthorp,tgunthorpb2@businessweek.com,7805820399,,,,,,,,,,,,
400,Laetitia,Walpole,lwalpoleb3@imageshack.us,7805820400,,,,,,,,,,,,
401,Nelson,Capeling,ncapelingb4@posterous.com,7805820401,,,,,,,,,,,,
402,Hattie,Kidsley,hkidsleyb5@joomla.org,7805820402,,,,,,,,,,,,
403,Mellisa,Hambridge,mhambridgeb6@paypal.com,7805820403,,,,,,,,,,,,
404,Lloyd,Woodcroft,lwoodcroftb7@vistaprint.com,7805820404,,,,,,,,,,,,
405,Son,Crowch,scrowchb8@ocn.ne.jp,7805820405,,,,,,,,,,,,
406,Juliette,Becom,jbecomb9@oakley.com,7805820406,,,,,,,,,,,,
407,Fergus,Corbyn,fcorbynba@hugedomains.com,7805820407,,,,,,,,,,,,
408,Zaria,Learmount,zlearmountbb@github.io,7805820408,,,,,,,,,,,,
409,Miner,Danslow,mdanslowbc@odnoklassniki.ru,7805820409,,,,,,,,,,,,
410,Pepillo,Funnell,pfunnellbd@sfgate.com,7805820410,,,,,,,,,,,,
411,Zelda,Poulden,zpouldenbe@intel.com,7805820411,,,,,,,,,,,,
412,Glynnis,Bernadon,gbernadonbf@google.cn,7805820412,,,,,,,,,,,,
413,Frederigo,Meakes,fmeakesbg@hubpages.com,7805820413,,,,,,,,,,,,
414,Garret,Herley,gherleybh@over-blog.com,7805820414,,,,,,,,,,,,
415,Tiphany,MacCambridge,tmaccambridgebi@wired.com,7805820415,,,,,,,,,,,,
416,Devinne,Tutill,dtutillbj@hibu.com,7805820416,,,,,,,,,,,,
417,Anabel,MacMenamy,amacmenamybk@google.com,7805820417,,,,,,,,,,,,
418,Noel,Kestin,nkestinbl@kickstarter.com,7805820418,,,,,,,,,,,,
419,Nedda,Galpin,ngalpinbm@miitbeian.gov.cn,7805820419,,,,,,,,,,,,
420,Jeanette,Hawgood,jhawgoodbn@jiathis.com,7805820420,,,,,,,,,,,,
421,Angelico,Priditt,apridittbo@jiathis.com,7805820421,,,,,,,,,,,,
422,Almire,Paterno,apaternobp@wikia.com,7805820422,,,,,,,,,,,,
423,Cozmo,Gansbuhler,cgansbuhlerbq@simplemachines.org,7805820423,,,,,,,,,,,,
424,Garwin,Cavanagh,gcavanaghbr@google.pl,7805820424,,,,,,,,,,,,
425,Carey,Outibridge,coutibridgebs@slate.com,7805820425,,,,,,,,,,,,
426,Spense,Widdocks,swiddocksbt@wp.com,7805820426,,,,,,,,,,,,
427,Nero,McLay,nmclaybu@exblog.jp,7805820427,,,,,,,,,,,,
428,Elfie,Pladen,epladenbv@printfriendly.com,7805820428,,,,,,,,,,,,
429,Carolina,Cowen,ccowenbw@sciencedaily.com,7805820429,,,,,,,,,,,,
430,Ambur,Mainds,amaindsbx@washingtonpost.com,7805820430,,,,,,,,,,,,
431,Gerrard,Goseling,ggoselingby@blogs.com,7805820431,,,,,,,,,,,,
432,Wilmette,Spreull,wspreullbz@mozilla.com,7805820432,,,,,,,,,,,,
433,Jemima,Connew,jconnewc0@vistaprint.com,7805820433,,,,,,,,,,,,
434,Jacquelyn,Samways,jsamwaysc1@earthlink.net,7805820434,,,,,,,,,,,,
435,Bale,Ponsford,bponsfordc2@blogspot.com,7805820435,,,,,,,,,,,,
436,Dori,Braksper,dbraksperc3@sina.com.cn,7805820436,,,,,,,,,,,,
437,Marguerite,Pinfold,mpinfoldc4@unblog.fr,7805820437,,,,,,,,,,,,
438,Constance,Whewell,cwhewellc5@tmall.com,7805820438,,,,,,,,,,,,
439,Galvin,Caff,gcaffc6@phpbb.com,7805820439,,,,,,,,,,,,
440,Kinsley,Mafham,kmafhamc7@de.vu,7805820440,,,,,,,,,,,,
441,Barnaby,Shewen,bshewenc8@hugedomains.com,7805820441,,,,,,,,,,,,
442,Hannah,Trent,htrentc9@upenn.edu,7805820442,,,,,,,,,,,,
443,Latrena,Tinman,ltinmanca@shutterfly.com,7805820443,,,,,,,,,,,,
444,Kenton,Sayse,ksaysecb@huffingtonpost.com,7805820444,,,,,,,,,,,,
445,Dorelle,Marzellano,dmarzellanocc@wikia.com,7805820445,,,,,,,,,,,,
446,Meade,Wiltshier,mwiltshiercd@bandcamp.com,7805820446,,,,,,,,,,,,
447,Dulci,Tomsett,dtomsettce@bloglovin.com,7805820447,,,,,,,,,,,,
448,Turner,Stening,tsteningcf@google.com.hk,7805820448,,,,,,,,,,,,
449,Gunner,Bourdice,gbourdicecg@statcounter.com,7805820449,,,,,,,,,,,,
450,Chicky,McIlory,cmcilorych@g.co,7805820450,,,,,,,,,,,,
451,Lana,De Mattei,ldematteici@wikimedia.org,7805820451,,,,,,,,,,,,
452,Beilul,Attwell,battwellcj@opera.com,7805820452,,,,,,,,,,,,
453,Camille,Pennycook,cpennycookck@harvard.edu,7805820453,,,,,,,,,,,,
454,Quinton,Volleth,qvollethcl@sciencedirect.com,7805820454,,,,,,,,,,,,
455,Marna,Fogg,mfoggcm@toplist.cz,7805820455,,,,,,,,,,,,
456,Blanche,Wais,bwaiscn@php.net,7805820456,,,,,,,,,,,,
457,Agace,Caldeyroux,acaldeyrouxco@woothemes.com,7805820457,,,,,,,,,,,,
458,Caroljean,Bahde,cbahdecp@bloglines.com,7805820458,,,,,,,,,,,,
459,Brian,Bourdas,bbourdascq@xinhuanet.com,7805820459,,,,,,,,,,,,
460,Murielle,Caulfield,mcaulfieldcr@cnn.com,7805820460,,,,,,,,,,,,
461,Kimble,Jirak,kjirakcs@de.vu,7805820461,,,,,,,,,,,,
462,Aylmer,Veighey,aveigheyct@multiply.com,7805820462,,,,,,,,,,,,
463,Hart,Vearncombe,hvearncombecu@marketwatch.com,7805820463,,,,,,,,,,,,
464,Arte,Laurent,alaurentcv@myspace.com,7805820464,,,,,,,,,,,,
465,Alida,Sanson,asansoncw@example.com,7805820465,,,,,,,,,,,,
466,Kristo,MacFadden,kmacfaddencx@pinterest.com,7805820466,,,,,,,,,,,,
467,Izabel,Elmore,ielmorecy@youtube.com,7805820467,,,,,,,,,,,,
468,Cassie,Ferfulle,cferfullecz@wunderground.com,7805820468,,,,,,,,,,,,
469,Ned,Pourveer,npourveerd0@state.tx.us,7805820469,,,,,,,,,,,,
470,Dulcy,Morrant,dmorrantd1@ftc.gov,7805820470,,,,,,,,,,,,
471,Eran,Worvell,eworvelld2@arizona.edu,7805820471,,,,,,,,,,,,
472,Klement,Sorrel,ksorreld3@nba.com,7805820472,,,,,,,,,,,,
473,Ninon,Cokly,ncoklyd4@csmonitor.com,7805820473,,,,,,,,,,,,
474,Marianna,Muzzi,mmuzzid5@barnesandnoble.com,7805820474,,,,,,,,,,,,
475,Jakob,Nairn,jnairnd6@alexa.com,7805820475,,,,,,,,,,,,
476,Rosemonde,Matiasek,rmatiasekd7@1688.com,7805820476,,,,,,,,,,,,
477,Eolanda,Leaman,eleamand8@rambler.ru,7805820477,,,,,,,,,,,,
478,Ham,Overlow,hoverlowd9@npr.org,7805820478,,,,,,,,,,,,
479,Lorilee,Sansom,lsansomda@smugmug.com,7805820479,,,,,,,,,,,,
480,Erika,Blatherwick,eblatherwickdb@sbwire.com,7805820480,,,,,,,,,,,,
481,Kennedy,Showler,kshowlerdc@cyberchimps.com,7805820481,,,,,,,,,,,,
482,Nessy,Healy,nhealydd@pagesperso-orange.fr,7805820482,,,,,,,,,,,,
483,Josh,Iacovuzzi,jiacovuzzide@umich.edu,7805820483,,,,,,,,,,,,
484,Pauletta,Haslock,phaslockdf@tripod.com,7805820484,,,,,,,,,,,,
485,Ham,Stainton,hstaintondg@chronoengine.com,7805820485,,,,,,,,,,,,
486,Trey,Prettyjohn,tprettyjohndh@blogspot.com,7805820486,,,,,,,,,,,,
487,Goraud,Stolle,gstolledi@bigcartel.com,7805820487,,,,,,,,,,,,
488,Nickie,Norrie,nnorriedj@tumblr.com,7805820488,,,,,,,,,,,,
489,Linzy,Tomlett,ltomlettdk@cbsnews.com,7805820489,,,,,,,,,,,,
490,Parnell,Yanyushkin,pyanyushkindl@sbwire.com,7805820490,,,,,,,,,,,,
491,Ulrick,Shevlan,ushevlandm@topsy.com,7805820491,,,,,,,,,,,,
492,Janna,Franchi,jfranchidn@omniture.com,7805820492,,,,,,,,,,,,
493,Roselia,MacFie,rmacfiedo@yellowpages.com,7805820493,,,,,,,,,,,,
494,Jaime,Joost,jjoostdp@yandex.ru,7805820494,,,,,,,,,,,,
495,Rayshell,Dammarell,rdammarelldq@admin.ch,7805820495,,,,,,,,,,,,
496,Rhianna,O' Liddy,roliddydr@google.com.br,7805820496,,,,,,,,,,,,
497,Lyndsey,McGrirl,lmcgrirlds@imdb.com,7805820497,,,,,,,,,,,,
498,Terrie,Lints,tlintsdt@arstechnica.com,7805820498,,,,,,,,,,,,
499,Elisabetta,Alps,ealpsdu@webnode.com,7805820499,,,,,,,,,,,,
500,Rustie,Skermer,rskermerdv@salon.com,7805820500,,,,,,,,,,,,
501,Hardy,Sandom,hsandomdw@newsvine.com,7805820501,,,,,,,,,,,,
502,Maximo,Debney,mdebneydx@independent.co.uk,7805820502,,,,,,,,,,,,
503,Suzann,McTear,smcteardy@altervista.org,7805820503,,,,,,,,,,,,
504,Evangeline,Arcase,earcasedz@guardian.co.uk,7805820504,,,,,,,,,,,,
505,Mathilda,Lithcow,mlithcowe0@shinystat.com,7805820505,,,,,,,,,,,,
506,Lanna,Gilmartin,lgilmartine1@wix.com,7805820506,,,,,,,,,,,,
507,Ravi,Spalton,rspaltone2@merriam-webster.com,7805820507,,,,,,,,,,,,
508,Lory,Skipperbottom,lskipperbottome3@army.mil,7805820508,,,,,,,,,,,,
509,Haze,Noweak,hnoweake4@cdbaby.com,7805820509,,,,,,,,,,,,
510,Cullen,Tutchings,ctutchingse5@earthlink.net,7805820510,,,,,,,,,,,,
511,Husain,Heaphy,hheaphye6@scientificamerican.com,7805820511,,,,,,,,,,,,
512,Pinchas,Cowill,pcowille7@chron.com,7805820512,,,,,,,,,,,,
513,Vivi,Leggatt,vleggatte8@tmall.com,7805820513,,,,,,,,,,,,
514,Salomi,Jevons,sjevonse9@barnesandnoble.com,7805820514,,,,,,,,,,,,
515,Diandra,Kippin,dkippinea@devhub.com,7805820515,,,,,,,,,,,,
516,Lon,Malicki,lmalickieb@meetup.com,7805820516,,,,,,,,,,,,
517,Leland,Steel,lsteelec@sun.com,7805820517,,,,,,,,,,,,
518,Tades,Grayson,tgraysoned@wufoo.com,7805820518,,,,,,,,,,,,
519,Packston,Loyns,ploynsee@bluehost.com,7805820519,,,,,,,,,,,,
520,Lianna,Maypes,lmaypesef@wikia.com,7805820520,,,,,,,,,,,,
521,Field,McMeanma,fmcmeanmaeg@360.cn,7805820521,,,,,,,,,,,,
522,Jaymee,MacQueen,jmacqueeneh@wikimedia.org,7805820522,,,,,,,,,,,,
523,Gina,Boddymead,gboddymeadei@gizmodo.com,7805820523,,,,,,,,,,,,
524,Hart,Peto,hpetoej@so-net.ne.jp,7805820524,,,,,,,,,,,,
525,Harald,Durram,hdurramek@printfriendly.com,7805820525,,,,,,,,,,,,
526,Gaylor,Swatradge,gswatradgeel@washingtonpost.com,7805820526,,,,,,,,,,,,
527,Kalle,Jankowski,kjankowskiem@icio.us,7805820527,,,,,,,,,,,,
528,Carilyn,MacCaughey,cmaccaugheyen@slashdot.org,7805820528,,,,,,,,,,,,
529,Leann,Carr,lcarreo@behance.net,7805820529,,,,,,,,,,,,
530,Claudian,McCalister,cmccalisterep@ca.gov,7805820530,,,,,,,,,,,,
531,Bili,Shane,bshaneeq@prlog.org,7805820531,,,,,,,,,,,,
532,Emmett,Larne,elarneer@nasa.gov,7805820532,,,,,,,,,,,,
533,Gasparo,Autin,gautines@blogspot.com,7805820533,,,,,,,,,,,,
534,Orland,L'Episcopi,olepiscopiet@chicagotribune.com,7805820534,,,,,,,,,,,,
535,Rodolph,Gilpillan,rgilpillaneu@marketwatch.com,7805820535,,,,,,,,,,,,
536,Bartel,McGaffey,bmcgaffeyev@ocn.ne.jp,7805820536,,,,,,,,,,,,
537,Sandro,Abrashkov,sabrashkovew@nba.com,7805820537,,,,,,,,,,,,
538,Whittaker,Oakley,woakleyex@123-reg.co.uk,7805820538,,,,,,,,,,,,
539,Arley,Tilbrook,atilbrookey@twitter.com,7805820539,,,,,,,,,,,,
540,Brig,Oldford,boldfordez@dyndns.org,7805820540,,,,,,,,,,,,
541,Gwenore,Fedorski,gfedorskif0@elegantthemes.com,7805820541,,,,,,,,,,,,
542,Myrtie,Chedzoy,mchedzoyf1@nytimes.com,7805820542,,,,,,,,,,,,
543,Taffy,Letterick,tletterickf2@mapy.cz,7805820543,,,,,,,,,,,,
544,Muire,Wenn,mwennf3@answers.com,7805820544,,,,,,,,,,,,
545,Yancey,Lobell,ylobellf4@unesco.org,7805820545,,,,,,,,,,,,
546,Pren,Snalom,psnalomf5@ifeng.com,7805820546,,,,,,,,,,,,
547,Romain,de Vaen,rdevaenf6@mediafire.com,7805820547,,,,,,,,,,,,
548,Cornelius,Parke,cparkef7@woothemes.com,7805820548,,,,,,,,,,,,
549,Nanon,Peret,nperetf8@weebly.com,7805820549,,,,,,,,,,,,
550,Hyman,Tolhurst,htolhurstf9@123-reg.co.uk,7805820550,,,,,,,,,,,,
551,Ainslie,Maryska,amaryskafa@ucla.edu,7805820551,,,,,,,,,,,,
552,Davide,Short,dshortfb@epa.gov,7805820552,,,,,,,,,,,,
553,Kaiser,Dane,kdanefc@angelfire.com,7805820553,,,,,,,,,,,,
554,Yettie,Whitmarsh,ywhitmarshfd@jiathis.com,7805820554,,,,,,,,,,,,
555,Abraham,Blaszczynski,ablaszczynskife@usda.gov,7805820555,,,,,,,,,,,,
556,Siegfried,Creany,screanyff@aol.com,7805820556,,,,,,,,,,,,
557,Shaine,Ramplee,srampleefg@studiopress.com,7805820557,,,,,,,,,,,,
558,Alena,Esgate,aesgatefh@g.co,7805820558,,,,,,,,,,,,
559,Arleyne,Pinnigar,apinnigarfi@scientificamerican.com,7805820559,,,,,,,,,,,,
560,Sara,Scotcher,sscotcherfj@kickstarter.com,7805820560,,,,,,,,,,,,
561,Tammara,Foulcher,tfoulcherfk@nps.gov,7805820561,,,,,,,,,,,,
562,Margot,Billison,mbillisonfl@howstuffworks.com,7805820562,,,,,,,,,,,,
563,Tristam,Fackney,tfackneyfm@nydailynews.com,7805820563,,,,,,,,,,,,
564,Inness,Drackford,idrackfordfn@ameblo.jp,7805820564,,,,,,,,,,,,
565,Leone,Ecclesall,lecclesallfo@plala.or.jp,7805820565,,,,,,,,,,,,
566,Allyn,Grishanov,agrishanovfp@unblog.fr,7805820566,,,,,,,,,,,,
567,Danila,Krolak,dkrolakfq@go.com,7805820567,,,,,,,,,,,,
568,Tommie,Chomley,tchomleyfr@nymag.com,7805820568,,,,,,,,,,,,
569,Deonne,Myderscough,dmyderscoughfs@ftc.gov,7805820569,,,,,,,,,,,,
570,Kristi,Cradduck,kcradduckft@posterous.com,7805820570,,,,,,,,,,,,
571,Fredericka,Semonin,fsemoninfu@naver.com,7805820571,,,,,,,,,,,,
572,Garald,Byk,gbykfv@berkeley.edu,7805820572,,,,,,,,,,,,
573,Thaddus,Wheatley,twheatleyfw@ask.com,7805820573,,,,,,,,,,,,
574,Alex,Cockill,acockillfx@chron.com,7805820574,,,,,,,,,,,,
575,Belinda,Boykett,bboykettfy@yolasite.com,7805820575,,,,,,,,,,,,
576,Robbyn,Wem,rwemfz@e-recht24.de,7805820576,,,,,,,,,,,,
577,Ashton,Monshall,amonshallg0@tiny.cc,7805820577,,,,,,,,,,,,
578,Konstanze,Muddimer,kmuddimerg1@rakuten.co.jp,7805820578,,,,,,,,,,,,
579,Belita,Barsby,bbarsbyg2@census.gov,7805820579,,,,,,,,,,,,
580,Ianthe,Twinborne,itwinborneg3@un.org,7805820580,,,,,,,,,,,,
581,Donalt,Kleisle,dkleisleg4@aol.com,7805820581,,,,,,,,,,,,
582,Tabby,Doyley,tdoyleyg5@nifty.com,7805820582,,,,,,,,,,,,
583,Devlin,Fantonetti,dfantonettig6@cloudflare.com,7805820583,,,,,,,,,,,,
584,Renae,Pariss,rparissg7@cornell.edu,7805820584,,,,,,,,,,,,
585,Gray,Drust,gdrustg8@apache.org,7805820585,,,,,,,,,,,,
586,Mandel,Elderton,meldertong9@google.com.br,7805820586,,,,,,,,,,,,
587,Lolita,Spradbery,lspradberyga@feedburner.com,7805820587,,,,,,,,,,,,
588,Erin,Vader,evadergb@hibu.com,7805820588,,,,,,,,,,,,
589,Giacopo,Balas,gbalasgc@amazonaws.com,7805820589,,,,,,,,,,,,
590,Allys,Gimlet,agimletgd@nationalgeographic.com,7805820590,,,,,,,,,,,,
591,Danna,Passler,dpasslerge@howstuffworks.com,7805820591,,,,,,,,,,,,
592,Nial,Pawson,npawsongf@npr.org,7805820592,,,,,,,,,,,,
593,Fanchette,Sparkwill,fsparkwillgg@rakuten.co.jp,7805820593,,,,,,,,,,,,
594,Lorenza,Warby,lwarbygh@mysql.com,7805820594,,,,,,,,,,,,
595,Alis,Danilin,adanilingi@blogtalkradio.com,7805820595,,,,,,,,,,,,
596,Annora,Hassard,ahassardgj@linkedin.com,7805820596,,,,,,,,,,,,
597,Jesus,Hallex,jhallexgk@icio.us,7805820597,,,,,,,,,,,,
598,Maddy,Haith,mhaithgl@fastcompany.com,7805820598,,,,,,,,,,,,
599,Merl,Toretta,mtorettagm@mit.edu,7805820599,,,,,,,,,,,,
600,Yolande,Senussi,ysenussign@so-net.ne.jp,7805820600,,,,,,,,,,,,
601,Laurianne,Beggini,lbegginigo@microsoft.com,7805820601,,,,,,,,,,,,
602,Gerda,Donner,gdonnergp@w3.org,7805820602,,,,,,,,,,,,
603,Issy,Vannikov,ivannikovgq@ameblo.jp,7805820603,,,,,,,,,,,,
604,Muffin,Jahnke,mjahnkegr@newyorker.com,7805820604,,,,,,,,,,,,
605,Kahlil,Harrison,kharrisongs@vkontakte.ru,7805820605,,,,,,,,,,,,
606,Reginald,Andersch,randerschgt@exblog.jp,7805820606,,,,,,,,,,,,
607,Artur,Peterkin,apeterkingu@amazon.co.uk,7805820607,,,,,,,,,,,,
608,Hieronymus,Warsap,hwarsapgv@elegantthemes.com,7805820608,,,,,,,,,,,,
609,Tore,Nuton,tnutongw@blogger.com,7805820609,,,,,,,,,,,,
610,Joannes,Gasquoine,jgasquoinegx@imageshack.us,7805820610,,,,,,,,,,,,
611,Saxon,Kubec,skubecgy@cpanel.net,7805820611,,,,,,,,,,,,
612,Oneida,Olliff,oolliffgz@globo.com,7805820612,,,,,,,,,,,,
613,Valentino,Worthington,vworthingtonh0@weather.com,7805820613,,,,,,,,,,,,
614,Harri,Woosnam,hwoosnamh1@chicagotribune.com,7805820614,,,,,,,,,,,,
615,Wiley,Pegrum,wpegrumh2@vkontakte.ru,7805820615,,,,,,,,,,,,
616,Emelen,Gearing,egearingh3@w3.org,7805820616,,,,,,,,,,,,
617,Willi,Winship,wwinshiph4@yellowpages.com,7805820617,,,,,,,,,,,,
618,Chrotoem,Luno,clunoh5@woothemes.com,7805820618,,,,,,,,,,,,
619,Misha,Mayho,mmayhoh6@ask.com,7805820619,,,,,,,,,,,,
620,Gardie,De Marchi,gdemarchih7@typepad.com,7805820620,,,,,,,,,,,,
621,Corinne,Sherwell,csherwellh8@netlog.com,7805820621,,,,,,,,,,,,
622,Bartel,Kornilov,bkornilovh9@yellowbook.com,7805820622,,,,,,,,,,,,
623,Janina,Belding,jbeldingha@delicious.com,7805820623,,,,,,,,,,,,
624,Aldric,Lindenbaum,alindenbaumhb@merriam-webster.com,7805820624,,,,,,,,,,,,
625,Emelia,McRonald,emcronaldhc@home.pl,7805820625,,,,,,,,,,,,
626,Ahmad,Knibley,aknibleyhd@virginia.edu,7805820626,,,,,,,,,,,,
627,Alta,Bagwell,abagwellhe@cafepress.com,7805820627,,,,,,,,,,,,
628,Yolanthe,Bennike,ybennikehf@prweb.com,7805820628,,,,,,,,,,,,
629,Celestine,Pipe,cpipehg@blog.com,7805820629,,,,,,,,,,,,
630,Rona,Anstie,ranstiehh@a8.net,7805820630,,,,,,,,,,,,
631,Britt,Neillans,bneillanshi@whitehouse.gov,7805820631,,,,,,,,,,,,
632,Tammara,Ferne,tfernehj@wikimedia.org,7805820632,,,,,,,,,,,,
633,Peirce,Janikowski,pjanikowskihk@reuters.com,7805820633,,,,,,,,,,,,
634,Tommie,Dewire,tdewirehl@addtoany.com,7805820634,,,,,,,,,,,,
635,Kally,Soonhouse,ksoonhousehm@virginia.edu,7805820635,,,,,,,,,,,,
636,Nicki,Franklen,nfranklenhn@quantcast.com,7805820636,,,,,,,,,,,,
637,Cariotta,Rubinowitz,crubinowitzho@columbia.edu,7805820637,,,,,,,,,,,,
638,Jeremy,Olwen,jolwenhp@abc.net.au,7805820638,,,,,,,,,,,,
639,Oralle,Van der Beek,ovanderbeekhq@mysql.com,7805820639,,,,,,,,,,,,
640,Harlene,Lanyon,hlanyonhr@merriam-webster.com,7805820640,,,,,,,,,,,,
641,Rose,Sterry,rsterryhs@people.com.cn,7805820641,,,,,,,,,,,,
642,Latrena,Fontes,lfontesht@auda.org.au,7805820642,,,,,,,,,,,,
643,Kariotta,Palle,kpallehu@issuu.com,7805820643,,,,,,,,,,,,
644,Kalli,Silverson,ksilversonhv@bandcamp.com,7805820644,,,,,,,,,,,,
645,Kienan,Shower,kshowerhw@shinystat.com,7805820645,,,,,,,,,,,,
646,Jenica,Vinsen,jvinsenhx@jigsy.com,7805820646,,,,,,,,,,,,
647,Florian,Matthew,fmatthewhy@sbwire.com,7805820647,,,,,,,,,,,,
648,Jacquette,Waliszek,jwaliszekhz@ucoz.ru,7805820648,,,,,,,,,,,,
649,Winona,Annell,wannelli0@cdc.gov,7805820649,,,,,,,,,,,,
650,Scarlet,Arnley,sarnleyi1@devhub.com,7805820650,,,,,,,,,,,,
651,Auria,Simmgen,asimmgeni2@lycos.com,7805820651,,,,,,,,,,,,
652,Carla,Eallis,ceallisi3@guardian.co.uk,7805820652,,,,,,,,,,,,
653,Milena,O'Gorman,mogormani4@myspace.com,7805820653,,,,,,,,,,,,
654,Clerkclaude,Franscioni,cfranscionii5@soundcloud.com,7805820654,,,,,,,,,,,,
655,Chrissy,Kenrack,ckenracki6@hubpages.com,7805820655,,,,,,,,,,,,
656,Wileen,Selway,wselwayi7@pen.io,7805820656,,,,,,,,,,,,
657,Giraldo,Kivits,gkivitsi8@google.de,7805820657,,,,,,,,,,,,
658,Koralle,Thomel,kthomeli9@scientificamerican.com,7805820658,,,,,,,,,,,,
659,Kerwinn,Jarrad,kjarradia@cnbc.com,7805820659,,,,,,,,,,,,
660,Sella,Shalloe,sshalloeib@pinterest.com,7805820660,,,,,,,,,,,,
661,Minette,Laudham,mlaudhamic@simplemachines.org,7805820661,,,,,,,,,,,,
662,Marianna,Shooter,mshooterid@comsenz.com,7805820662,,,,,,,,,,,,
663,Worthy,Kedwell,wkedwellie@chicagotribune.com,7805820663,,,,,,,,,,,,
664,Yulma,Jillis,yjillisif@unblog.fr,7805820664,,,,,,,,,,,,
665,Bethanne,Clac,bclacig@mediafire.com,7805820665,,,,,,,,,,,,
666,Giffy,Croneen,gcroneenih@gizmodo.com,7805820666,,,,,,,,,,,,
667,Quent,Tubritt,qtubrittii@github.com,7805820667,,,,,,,,,,,,
668,Albert,Mechem,amechemij@360.cn,7805820668,,,,,,,,,,,,
669,Gothart,Ravilus,gravilusik@live.com,7805820669,,,,,,,,,,,,
670,Nariko,Sporner,nsporneril@tripod.com,7805820670,,,,,,,,,,,,
671,Vinnie,Springham,vspringhamim@google.fr,7805820671,,,,,,,,,,,,
672,Callie,Pollitt,cpollittin@xinhuanet.com,7805820672,,,,,,,,,,,,
673,Constantino,Vesty,cvestyio@histats.com,7805820673,,,,,,,,,,,,
674,Dinnie,A'Barrow,dabarrowip@hatena.ne.jp,7805820674,,,,,,,,,,,,
675,Rickard,Kubasek,rkubasekiq@sphinn.com,7805820675,,,,,,,,,,,,
676,Willa,McLucky,wmcluckyir@microsoft.com,7805820676,,,,,,,,,,,,
677,Lurlene,Tideswell,ltideswellis@boston.com,7805820677,,,,,,,,,,,,
678,Langsdon,St Louis,lstlouisit@yellowbook.com,7805820678,,,,,,,,,,,,
679,Edan,Barry,ebarryiu@constantcontact.com,7805820679,,,,,,,,,,,,
680,Roxana,Kitchaside,rkitchasideiv@techcrunch.com,7805820680,,,,,,,,,,,,
681,Thayne,Christofides,tchristofidesiw@diigo.com,7805820681,,,,,,,,,,,,
682,Oriana,Oxtiby,ooxtibyix@mit.edu,7805820682,,,,,,,,,,,,
683,Hercule,Armitage,harmitageiy@blinklist.com,7805820683,,,,,,,,,,,,
684,Hansiain,Everex,heverexiz@comsenz.com,7805820684,,,,,,,,,,,,
685,Conway,Greetland,cgreetlandj0@unicef.org,7805820685,,,,,,,,,,,,
686,Gwendolen,Rainbow,grainbowj1@desdev.cn,7805820686,,,,,,,,,,,,
687,Nicky,Eastman,neastmanj2@ihg.com,7805820687,,,,,,,,,,,,
688,Flory,Cahey,fcaheyj3@blogtalkradio.com,7805820688,,,,,,,,,,,,
689,Rufus,Gadie,rgadiej4@squidoo.com,7805820689,,,,,,,,,,,,
690,Mayne,Dudill,mdudillj5@merriam-webster.com,7805820690,,,,,,,,,,,,
691,Ellette,Doughton,edoughtonj6@amazon.co.uk,7805820691,,,,,,,,,,,,
692,Denney,Colliford,dcollifordj7@archive.org,7805820692,,,,,,,,,,,,
693,Alameda,Libbis,alibbisj8@cdc.gov,7805820693,,,,,,,,,,,,
694,Roscoe,Putland,rputlandj9@cyberchimps.com,7805820694,,,,,,,,,,,,
695,Meredeth,Goulbourne,mgoulbourneja@google.com,7805820695,,,,,,,,,,,,
696,Shellysheldon,Harbron,sharbronjb@xrea.com,7805820696,,,,,,,,,,,,
697,Wit,Francescuccio,wfrancescucciojc@un.org,7805820697,,,,,,,,,,,,
698,Moreen,de Juares,mdejuaresjd@msn.com,7805820698,,,,,,,,,,,,
699,Saree,Moncreiffe,smoncreiffeje@sciencedirect.com,7805820699,,,,,,,,,,,,
700,Afton,Gosforth,agosforthjf@scientificamerican.com,7805820700,,,,,,,,,,,,
701,Rosemary,Andrzejak,randrzejakjg@cbsnews.com,7805820701,,,,,,,,,,,,
702,Myrtia,Simunek,msimunekjh@timesonline.co.uk,7805820702,,,,,,,,,,,,
703,Emili,Ciccetti,eciccettiji@comcast.net,7805820703,,,,,,,,,,,,
704,Gwenore,Dickerline,gdickerlinejj@dion.ne.jp,7805820704,,,,,,,,,,,,
705,Trixi,Champley,tchampleyjk@studiopress.com,7805820705,,,,,,,,,,,,
706,Kris,Mollin,kmollinjl@epa.gov,7805820706,,,,,,,,,,,,
707,Charil,Mizen,cmizenjm@state.gov,7805820707,,,,,,,,,,,,
708,Rosella,Jedryka,rjedrykajn@google.ca,7805820708,,,,,,,,,,,,
709,Nicola,Pettecrew,npettecrewjo@exblog.jp,7805820709,,,,,,,,,,,,
710,Maurene,Saenz,msaenzjp@mozilla.org,7805820710,,,,,,,,,,,,
711,Keslie,Balsdone,kbalsdonejq@edublogs.org,7805820711,,,,,,,,,,,,
712,Jamill,Samsin,jsamsinjr@google.pl,7805820712,,,,,,,,,,,,
713,Deirdre,Tuttle,dtuttlejs@infoseek.co.jp,7805820713,,,,,,,,,,,,
714,Emlyn,Bouller,eboullerjt@msn.com,7805820714,,,,,,,,,,,,
715,Estele,Rentilll,erentilllju@upenn.edu,7805820715,,,,,,,,,,,,
716,Demetri,Phethean,dphetheanjv@webmd.com,7805820716,,,,,,,,,,,,
717,Kevyn,Scanderet,kscanderetjw@google.es,7805820717,,,,,,,,,,,,
718,Liliane,Elegood,lelegoodjx@google.fr,7805820718,,,,,,,,,,,,
719,Joanna,Tarney,jtarneyjy@yahoo.co.jp,7805820719,,,,,,,,,,,,
720,Calida,Shiel,cshieljz@pinterest.com,7805820720,,,,,,,,,,,,
721,Camala,Soal,csoalk0@cocolog-nifty.com,7805820721,,,,,,,,,,,,
722,Vannie,Cardo,vcardok1@360.cn,7805820722,,,,,,,,,,,,
723,Colas,D'Antonio,cdantoniok2@washington.edu,7805820723,,,,,,,,,,,,
724,Walker,Dowda,wdowdak3@over-blog.com,7805820724,,,,,,,,,,,,
725,Bobbye,Aleksandrikin,baleksandrikink4@google.de,7805820725,,,,,,,,,,,,
726,Laird,Rupke,lrupkek5@nifty.com,7805820726,,,,,,,,,,,,
727,Artemus,Abbey,aabbeyk6@independent.co.uk,7805820727,,,,,,,,,,,,
728,Zacharia,Simanek,zsimanekk7@goo.gl,7805820728,,,,,,,,,,,,
729,Alvis,Stockall,astockallk8@chron.com,7805820729,,,,,,,,,,,,
730,Kaia,Gaythorpe,kgaythorpek9@themeforest.net,7805820730,,,,,,,,,,,,
731,Geri,Plastow,gplastowka@umich.edu,7805820731,,,,,,,,,,,,
732,Shayla,Paladino,spaladinokb@cbsnews.com,7805820732,,,,,,,,,,,,
733,Granger,Jorat,gjoratkc@pbs.org,7805820733,,,,,,,,,,,,
734,Doe,Billingsly,dbillingslykd@fotki.com,7805820734,,,,,,,,,,,,
735,Valdemar,Mackleden,vmackledenke@google.ca,7805820735,,,,,,,,,,,,
736,Cacilie,Acory,cacorykf@dropbox.com,7805820736,,,,,,,,,,,,
737,Stacee,Silbersak,ssilbersakkg@phpbb.com,7805820737,,,,,,,,,,,,
738,Camel,Ahrendsen,cahrendsenkh@ustream.tv,7805820738,,,,,,,,,,,,
739,Debora,McMearty,dmcmeartyki@blog.com,7805820739,,,,,,,,,,,,
740,Jud,Swatton,jswattonkj@bing.com,7805820740,,,,,,,,,,,,
741,Jobye,Becraft,jbecraftkk@prlog.org,7805820741,,,,,,,,,,,,
742,Barris,Tireman,btiremankl@nydailynews.com,7805820742,,,,,,,,,,,,
743,Dimitri,Messer,dmesserkm@icq.com,7805820743,,,,,,,,,,,,
744,Gabriel,McCaughran,gmccaughrankn@skyrock.com,7805820744,,,,,,,,,,,,
745,Rudiger,Waggatt,rwaggattko@nbcnews.com,7805820745,,,,,,,,,,,,
746,Marci,Grivori,mgrivorikp@geocities.com,7805820746,,,,,,,,,,,,
747,Julianna,Gell,jgellkq@samsung.com,7805820747,,,,,,,,,,,,
748,Myrilla,Atwater,matwaterkr@barnesandnoble.com,7805820748,,,,,,,,,,,,
749,Modesta,Clarke-Williams,mclarkewilliamsks@independent.co.uk,7805820749,,,,,,,,,,,,
750,Asia,Smoughton,asmoughtonkt@t-online.de,7805820750,,,,,,,,,,,,
751,Bret,Cruttenden,bcruttendenku@amazon.com,7805820751,,,,,,,,,,,,
752,Virginia,Moffat,vmoffatkv@comsenz.com,7805820752,,,,,,,,,,,,
753,Veda,Safell,vsafellkw@linkedin.com,7805820753,,,,,,,,,,,,
754,Blair,Metheringham,bmetheringhamkx@people.com.cn,7805820754,,,,,,,,,,,,
755,Juliet,Colum,jcolumky@yolasite.com,7805820755,,,,,,,,,,,,
756,Aguie,Maguire,amaguirekz@last.fm,7805820756,,,,,,,,,,,,
757,Lemmy,Nizard,lnizardl0@exblog.jp,7805820757,,,,,,,,,,,,
758,Rriocard,MacCafferty,rmaccaffertyl1@wikimedia.org,7805820758,,,,,,,,,,,,
759,Howard,Dorken,hdorkenl2@nih.gov,7805820759,,,,,,,,,,,,
760,Andy,Noirel,anoirell3@rambler.ru,7805820760,,,,,,,,,,,,
761,Rosco,Kretchmer,rkretchmerl4@google.it,7805820761,,,,,,,,,,,,
762,Brit,Szantho,bszanthol5@360.cn,7805820762,,,,,,,,,,,,
763,Hewie,Cornelleau,hcornelleaul6@usatoday.com,7805820763,,,,,,,,,,,,
764,Sherie,Rops,sropsl7@nsw.gov.au,7805820764,,,,,,,,,,,,
765,Mallory,Poundford,mpoundfordl8@bloglovin.com,7805820765,,,,,,,,,,,,
766,Walsh,Balcock,wbalcockl9@rambler.ru,7805820766,,,,,,,,,,,,
767,Rog,Mellers,rmellersla@multiply.com,7805820767,,,,,,,,,,,,
768,Kore,Scohier,kscohierlb@eventbrite.com,7805820768,,,,,,,,,,,,
769,Jesse,Wodeland,jwodelandlc@howstuffworks.com,7805820769,,,,,,,,,,,,
770,Pattin,Roos,proosld@nba.com,7805820770,,,,,,,,,,,,
771,Tabby,Rhyme,trhymele@umich.edu,7805820771,,,,,,,,,,,,
772,Lyssa,Gaylard,lgaylardlf@github.com,7805820772,,,,,,,,,,,,
773,Mollee,Poon,mpoonlg@scribd.com,7805820773,,,,,,,,,,,,
774,Kyle,Fealy,kfealylh@apple.com,7805820774,,,,,,,,,,,,
775,Catherine,Learned,clearnedli@omniture.com,7805820775,,,,,,,,,,,,
776,Hiram,Yakobovicz,hyakoboviczlj@apache.org,7805820776,,,,,,,,,,,,
777,Vasili,Flitcroft,vflitcroftlk@boston.com,7805820777,,,,,,,,,,,,
778,Ferdinand,Bradborne,fbradbornell@washingtonpost.com,7805820778,,,,,,,,,,,,
779,Daphene,Ghest,dghestlm@nps.gov,7805820779,,,,,,,,,,,,
780,Paulina,Bernardotte,pbernardotteln@zimbio.com,7805820780,,,,,,,,,,,,
781,Chicky,Rehme,crehmelo@devhub.com,7805820781,,,,,,,,,,,,
782,Jordanna,Betts,jbettslp@squidoo.com,7805820782,,,,,,,,,,,,
783,Basilio,Sallenger,bsallengerlq@csmonitor.com,7805820783,,,,,,,,,,,,
784,Zola,Levesque,zlevesquelr@ning.com,7805820784,,,,,,,,,,,,
785,Jorry,Vennard,jvennardls@gmpg.org,7805820785,,,,,,,,,,,,
786,Kimmy,Fulton,kfultonlt@boston.com,7805820786,,,,,,,,,,,,
787,Rozelle,Fairbeard,rfairbeardlu@mayoclinic.com,7805820787,,,,,,,,,,,,
788,Dorella,Goldstone,dgoldstonelv@biglobe.ne.jp,7805820788,,,,,,,,,,,,
789,Tarah,Penrose,tpenroselw@amazon.de,7805820789,,,,,,,,,,,,
790,Pepe,Cinelli,pcinellilx@nba.com,7805820790,,,,,,,,,,,,
791,Corene,Sire,csirely@cyberchimps.com,7805820791,,,,,,,,,,,,
792,Isabeau,Schlagh,ischlaghlz@who.int,7805820792,,,,,,,,,,,,
793,Dolorita,Avrasin,davrasinm0@addthis.com,7805820793,,,,,,,,,,,,
794,Ermin,Nicholls,enichollsm1@cisco.com,7805820794,,,,,,,,,,,,
795,Norris,Stable,nstablem2@about.me,7805820795,,,,,,,,,,,,
796,Jenda,Umpleby,jumplebym3@chicagotribune.com,7805820796,,,,,,,,,,,,
797,Dore,Coverdale,dcoverdalem4@printfriendly.com,7805820797,,,,,,,,,,,,
798,Hayley,Fulstow,hfulstowm5@clickbank.net,7805820798,,,,,,,,,,,,
799,Britni,Ambrogioli,bambrogiolim6@ted.com,7805820799,,,,,,,,,,,,
800,Riobard,Eynon,reynonm7@is.gd,7805820800,,,,,,,,,,,,
801,Koral,MacRonald,kmacronaldm8@indiegogo.com,7805820801,,,,,,,,,,,,
802,Darbie,Screech,dscreechm9@samsung.com,7805820802,,,,,,,,,,,,
803,Giffie,Parncutt,gparncuttma@altervista.org,7805820803,,,,,,,,,,,,
804,Lilith,Richen,lrichenmb@domainmarket.com,7805820804,,,,,,,,,,,,
805,Stinky,Spain-Gower,sspaingowermc@alibaba.com,7805820805,,,,,,,,,,,,
806,Gail,Nutty,gnuttymd@apple.com,7805820806,,,,,,,,,,,,
807,Cammie,Biggs,cbiggsme@slideshare.net,7805820807,,,,,,,,,,,,
808,Saloma,Ansett,sansettmf@tiny.cc,7805820808,,,,,,,,,,,,
809,Kameko,Frentz,kfrentzmg@utexas.edu,7805820809,,,,,,,,,,,,
810,Conchita,Freschi,cfreschimh@cornell.edu,7805820810,,,,,,,,,,,,
811,Gilly,Falco,gfalcomi@biglobe.ne.jp,7805820811,,,,,,,,,,,,
812,Sharai,Greated,sgreatedmj@amazon.com,7805820812,,,,,,,,,,,,
813,Fairleigh,Lemasney,flemasneymk@amazon.co.uk,7805820813,,,,,,,,,,,,
814,Nathalie,Tow,ntowml@example.com,7805820814,,,,,,,,,,,,
815,Raffaello,Colvin,rcolvinmm@gravatar.com,7805820815,,,,,,,,,,,,
816,Inger,Lafflina,ilafflinamn@newyorker.com,7805820816,,,,,,,,,,,,
817,Benyamin,Woolager,bwoolagermo@fotki.com,7805820817,,,,,,,,,,,,
818,Dominique,Baroc,dbarocmp@cisco.com,7805820818,,,,,,,,,,,,
819,Ichabod,Storm,istormmq@paypal.com,7805820819,,,,,,,,,,,,
820,Archer,Belli,abellimr@qq.com,7805820820,,,,,,,,,,,,
821,Jelene,Woolmer,jwoolmerms@joomla.org,7805820821,,,,,,,,,,,,
822,Lebbie,Dahlen,ldahlenmt@webnode.com,7805820822,,,,,,,,,,,,
823,Kurt,Duffer,kduffermu@washingtonpost.com,7805820823,,,,,,,,,,,,
824,Fielding,Bewsey,fbewseymv@dailymail.co.uk,7805820824,,,,,,,,,,,,
825,Sax,Benz,sbenzmw@bloglines.com,7805820825,,,,,,,,,,,,
826,Georgette,Cockren,gcockrenmx@dedecms.com,7805820826,,,,,,,,,,,,
827,Nada,Ellerby,nellerbymy@cbsnews.com,7805820827,,,,,,,,,,,,
828,Roger,Grenshields,rgrenshieldsmz@china.com.cn,7805820828,,,,,,,,,,,,
829,Jamie,Puddan,jpuddann0@washingtonpost.com,7805820829,,,,,,,,,,,,
830,Lillian,Fugere,lfugeren1@exblog.jp,7805820830,,,,,,,,,,,,
831,Dyane,Broscombe,dbroscomben2@miibeian.gov.cn,7805820831,,,,,,,,,,,,
832,Pablo,Durrett,pdurrettn3@sourceforge.net,7805820832,,,,,,,,,,,,
833,Hirsch,Ganforth,hganforthn4@friendfeed.com,7805820833,,,,,,,,,,,,
834,Aleksandr,Messer,amessern5@mail.ru,7805820834,,,,,,,,,,,,
835,Elisha,Farrall,efarralln6@delicious.com,7805820835,,,,,,,,,,,,
836,Blake,Extance,bextancen7@exblog.jp,7805820836,,,,,,,,,,,,
837,Francyne,Sucre,fsucren8@mozilla.org,7805820837,,,,,,,,,,,,
838,Colet,Beales,cbealesn9@wunderground.com,7805820838,,,,,,,,,,,,
839,Felecia,Tuxell,ftuxellna@amazon.co.uk,7805820839,,,,,,,,,,,,
840,Leonerd,Ovize,lovizenb@mit.edu,7805820840,,,,,,,,,,,,
841,Caralie,Dorcey,cdorceync@goo.ne.jp,7805820841,,,,,,,,,,,,
842,Delores,Knightsbridge,dknightsbridgend@miibeian.gov.cn,7805820842,,,,,,,,,,,,
843,Rosy,Dorin,rdorinne@quantcast.com,7805820843,,,,,,,,,,,,
844,Adriena,Feldmark,afeldmarknf@nps.gov,7805820844,,,,,,,,,,,,
845,Martina,Roiz,mroizng@yahoo.com,7805820845,,,,,,,,,,,,
846,Sargent,Burkinshaw,sburkinshawnh@gmpg.org,7805820846,,,,,,,,,,,,
847,Sacha,O'Kielt,sokieltni@pagesperso-orange.fr,7805820847,,,,,,,,,,,,
848,Dallon,Woodington,dwoodingtonnj@deviantart.com,7805820848,,,,,,,,,,,,
849,Isabelita,Banbury,ibanburynk@amazon.co.uk,7805820849,,,,,,,,,,,,
850,Jasun,Coleborn,jcolebornnl@nationalgeographic.com,7805820850,,,,,,,,,,,,
851,Julieta,Helkin,jhelkinnm@boston.com,7805820851,,,,,,,,,,,,
852,Jerad,Ashard,jashardnn@mozilla.org,7805820852,,,,,,,,,,,,
853,Katrinka,Donnersberg,kdonnersbergno@webmd.com,7805820853,,,,,,,,,,,,
854,Ingrid,Leavy,ileavynp@samsung.com,7805820854,,,,,,,,,,,,
855,Ula,Paskin,upaskinnq@slashdot.org,7805820855,,,,,,,,,,,,
856,Pancho,Brockton,pbrocktonnr@go.com,7805820856,,,,,,,,,,,,
857,Karol,Hansmann,khansmannns@bravesites.com,7805820857,,,,,,,,,,,,
858,Noelyn,Dows,ndowsnt@xrea.com,7805820858,,,,,,,,,,,,
859,Carlina,Blackhurst,cblackhurstnu@oracle.com,7805820859,,,,,,,,,,,,
860,Marketa,Farrant,mfarrantnv@nytimes.com,7805820860,,,,,,,,,,,,
861,Cass,Guise,cguisenw@cmu.edu,7805820861,,,,,,,,,,,,
862,Raine,Spellecy,rspellecynx@i2i.jp,7805820862,,,,,,,,,,,,
863,Tedman,Wasielewicz,twasielewiczny@mayoclinic.com,7805820863,,,,,,,,,,,,
864,Yevette,Clemmow,yclemmownz@1688.com,7805820864,,,,,,,,,,,,
865,Oona,Childers,ochilderso0@webnode.com,7805820865,,,,,,,,,,,,
866,Guglielmo,Maffioletti,gmaffiolettio1@jalbum.net,7805820866,,,,,,,,,,,,
867,Kennith,Putton,kputtono2@whitehouse.gov,7805820867,,,,,,,,,,,,
868,Heindrick,Giovannacci,hgiovannaccio3@alexa.com,7805820868,,,,,,,,,,,,
869,Creigh,Ealles,cealleso4@dedecms.com,7805820869,,,,,,,,,,,,
870,Terri-jo,McCarver,tmccarvero5@seattletimes.com,7805820870,,,,,,,,,,,,
871,Lani,Merryweather,lmerryweathero6@icq.com,7805820871,,,,,,,,,,,,
872,Marilin,Boustred,mboustredo7@vimeo.com,7805820872,,,,,,,,,,,,
873,Roderich,MacGaughie,rmacgaughieo8@seesaa.net,7805820873,,,,,,,,,,,,
874,Odetta,Biagioni,obiagionio9@networksolutions.com,7805820874,,,,,,,,,,,,
875,Marjory,Eastmond,meastmondoa@multiply.com,7805820875,,,,,,,,,,,,
876,Glenine,Frankom,gfrankomob@cpanel.net,7805820876,,,,,,,,,,,,
877,Arnoldo,Gyorffy,agyorffyoc@skype.com,7805820877,,,,,,,,,,,,
878,Netty,Beavis,nbeavisod@china.com.cn,7805820878,,,,,,,,,,,,
879,Codie,Chaney,cchaneyoe@indiatimes.com,7805820879,,,,,,,,,,,,
880,Constancia,McKibbin,cmckibbinof@oakley.com,7805820880,,,,,,,,,,,,
881,Elvera,Lyddon,elyddonog@shutterfly.com,7805820881,,,,,,,,,,,,
882,Morty,Cooksley,mcooksleyoh@salon.com,7805820882,,,,,,,,,,,,
883,Elvira,Juleff,ejuleffoi@unblog.fr,7805820883,,,,,,,,,,,,
884,Montague,Seakin,mseakinoj@theglobeandmail.com,7805820884,,,,,,,,,,,,
885,Chicky,Cawood,ccawoodok@furl.net,7805820885,,,,,,,,,,,,
886,Buiron,Critchard,bcritchardol@twitter.com,7805820886,,,,,,,,,,,,
887,Jolyn,Fray,jfrayom@yale.edu,7805820887,,,,,,,,,,,,
888,Brenna,Threadkell,bthreadkellon@cafepress.com,7805820888,,,,,,,,,,,,
889,Lenee,Huckett,lhuckettoo@si.edu,7805820889,,,,,,,,,,,,
890,Rita,Dudderidge,rdudderidgeop@gnu.org,7805820890,,,,,,,,,,,,
891,Charmine,Sarre,csarreoq@weibo.com,7805820891,,,,,,,,,,,,
892,Zeb,Valance,zvalanceor@uiuc.edu,7805820892,,,,,,,,,,,,
893,Viki,Croxton,vcroxtonos@arstechnica.com,7805820893,,,,,,,,,,,,
894,Burk,Helmke,bhelmkeot@gnu.org,7805820894,,,,,,,,,,,,
895,Concordia,Readshall,creadshallou@exblog.jp,7805820895,,,,,,,,,,,,
896,Iver,Cove,icoveov@webeden.co.uk,7805820896,,,,,,,,,,,,
897,Edithe,Motte,emotteow@foxnews.com,7805820897,,,,,,,,,,,,
898,Giulio,Nice,gniceox@ifeng.com,7805820898,,,,,,,,,,,,
899,Penn,Tarte,ptarteoy@feedburner.com,7805820899,,,,,,,,,,,,
900,Yule,Klimowicz,yklimowiczoz@comcast.net,7805820900,,,,,,,,,,,,
901,Arleen,Cadany,acadanyp0@huffingtonpost.com,7805820901,,,,,,,,,,,,
902,Karine,Beels,kbeelsp1@wix.com,7805820902,,,,,,,,,,,,
903,Doralia,Viner,dvinerp2@shutterfly.com,7805820903,,,,,,,,,,,,
904,Ashlin,Payze,apayzep3@nbcnews.com,7805820904,,,,,,,,,,,,
905,Halie,Skerratt,hskerrattp4@smh.com.au,7805820905,,,,,,,,,,,,
906,Caria,De Blasio,cdeblasiop5@cornell.edu,7805820906,,,,,,,,,,,,
907,Haven,Kettle,hkettlep6@globo.com,7805820907,,,,,,,,,,,,
908,Engelbert,Pringley,epringleyp7@google.es,7805820908,,,,,,,,,,,,
909,Frances,Burrells,fburrellsp8@yahoo.co.jp,7805820909,,,,,,,,,,,,
910,Bradford,Rockwell,brockwellp9@desdev.cn,7805820910,,,,,,,,,,,,
911,Tiffi,Bousquet,tbousquetpa@nationalgeographic.com,7805820911,,,,,,,,,,,,
912,Dix,Beedle,dbeedlepb@deliciousdays.com,7805820912,,,,,,,,,,,,
913,Corly,Croyser,ccroyserpc@netvibes.com,7805820913,,,,,,,,,,,,
914,Dante,Dickon,ddickonpd@wordpress.com,7805820914,,,,,,,,,,,,
915,Arlene,Willingale,awillingalepe@simplemachines.org,7805820915,,,,,,,,,,,,
916,Stephannie,MacLure,smaclurepf@altervista.org,7805820916,,,,,,,,,,,,
917,Julio,Girardoni,jgirardonipg@msn.com,7805820917,,,,,,,,,,,,
918,Isidoro,Troy,itroyph@histats.com,7805820918,,,,,,,,,,,,
919,Linell,Seeley,lseeleypi@wunderground.com,7805820919,,,,,,,,,,,,
920,Kitti,McKeller,kmckellerpj@globo.com,7805820920,,,,,,,,,,,,
921,Bran,Blackborn,bblackbornpk@tumblr.com,7805820921,,,,,,,,,,,,
922,Hussein,Laverock,hlaverockpl@mapy.cz,7805820922,,,,,,,,,,,,
923,Dewie,Speeding,dspeedingpm@technorati.com,7805820923,,,,,,,,,,,,
924,Dexter,Rossant,drossantpn@cargocollective.com,7805820924,,,,,,,,,,,,
925,Leland,Gwilliams,lgwilliamspo@yellowpages.com,7805820925,,,,,,,,,,,,
926,Nat,Kershaw,nkershawpp@china.com.cn,7805820926,,,,,,,,,,,,
927,Creigh,Dunmore,cdunmorepq@hibu.com,7805820927,,,,,,,,,,,,
928,Egbert,McGillicuddy,emcgillicuddypr@live.com,7805820928,,,,,,,,,,,,
929,Janetta,Start,jstartps@taobao.com,7805820929,,,,,,,,,,,,
930,Eduino,Crimmins,ecrimminspt@usnews.com,7805820930,,,,,,,,,,,,
931,Quinta,Wink,qwinkpu@google.com.br,7805820931,,,,,,,,,,,,
932,Katee,Allaker,kallakerpv@ehow.com,7805820932,,,,,,,,,,,,
933,Garvy,Joynes,gjoynespw@craigslist.org,7805820933,,,,,,,,,,,,
934,Dolorita,Rupprecht,drupprechtpx@histats.com,7805820934,,,,,,,,,,,,
935,Danya,Gurley,dgurleypy@theguardian.com,7805820935,,,,,,,,,,,,
936,Terrye,Tousey,ttouseypz@weibo.com,7805820936,,,,,,,,,,,,
937,Bill,Pendall,bpendallq0@springer.com,7805820937,,,,,,,,,,,,
938,Adelaida,Czapla,aczaplaq1@tmall.com,7805820938,,,,,,,,,,,,
939,Vassili,Heinemann,vheinemannq2@shinystat.com,7805820939,,,,,,,,,,,,
940,Kyrstin,Denley,kdenleyq3@e-recht24.de,7805820940,,,,,,,,,,,,
941,Arv,Slora,asloraq4@archive.org,7805820941,,,,,,,,,,,,
942,Harlin,Birkenshaw,hbirkenshawq5@ezinearticles.com,7805820942,,,,,,,,,,,,
943,Dael,Meedendorpe,dmeedendorpeq6@admin.ch,7805820943,,,,,,,,,,,,
944,Sherry,Seeviour,sseeviourq7@msu.edu,7805820944,,,,,,,,,,,,
945,Jerrold,Pigney,jpigneyq8@sbwire.com,7805820945,,,,,,,,,,,,
946,Aurea,Behning,abehningq9@virginia.edu,7805820946,,,,,,,,,,,,
947,Marci,Amberger,mambergerqa@infoseek.co.jp,7805820947,,,,,,,,,,,,
948,Red,Scrivenor,rscrivenorqb@mail.ru,7805820948,,,,,,,,,,,,
949,Evelyn,Sommerfeld,esommerfeldqc@cisco.com,7805820949,,,,,,,,,,,,
950,Dulcea,Bartoszewski,dbartoszewskiqd@twitter.com,7805820950,,,,,,,,,,,,
951,Zia,Hugk,zhugkqe@delicious.com,7805820951,,,,,,,,,,,,
952,Reggie,Golborne,rgolborneqf@liveinternet.ru,7805820952,,,,,,,,,,,,
953,Sawyere,Merill,smerillqg@cnbc.com,7805820953,,,,,,,,,,,,
954,Richard,Sandaver,rsandaverqh@nasa.gov,7805820954,,,,,,,,,,,,
955,Nariko,Godwin,ngodwinqi@dion.ne.jp,7805820955,,,,,,,,,,,,
956,Zea,Djakovic,zdjakovicqj@tinypic.com,7805820956,,,,,,,,,,,,
957,Bentley,Hooks,bhooksqk@bloomberg.com,7805820957,,,,,,,,,,,,
958,Noel,Pesik,npesikql@theglobeandmail.com,7805820958,,,,,,,,,,,,
959,Modesty,Lorenzin,mlorenzinqm@miibeian.gov.cn,7805820959,,,,,,,,,,,,
960,Glenna,Colleford,gcollefordqn@netscape.com,7805820960,,,,,,,,,,,,
961,Philippa,Wannan,pwannanqo@xinhuanet.com,7805820961,,,,,,,,,,,,
962,Minnaminnie,Hundy,mhundyqp@ucoz.ru,7805820962,,,,,,,,,,,,
963,Dirk,Sibun,dsibunqq@kickstarter.com,7805820963,,,,,,,,,,,,
964,Agace,Beefon,abeefonqr@salon.com,7805820964,,,,,,,,,,,,
965,Lawry,Shuttle,lshuttleqs@bloglines.com,7805820965,,,,,,,,,,,,
966,Fernande,Gallahar,fgallaharqt@amazonaws.com,7805820966,,,,,,,,,,,,
967,Cindy,Haseldine,chaseldinequ@japanpost.jp,7805820967,,,,,,,,,,,,
968,Nicolea,Pears,npearsqv@chicagotribune.com,7805820968,,,,,,,,,,,,
969,Rudolph,Luesley,rluesleyqw@columbia.edu,7805820969,,,,,,,,,,,,
970,Aundrea,Langstone,alangstoneqx@omniture.com,7805820970,,,,,,,,,,,,
971,Arlen,Januszewski,ajanuszewskiqy@woothemes.com,7805820971,,,,,,,,,,,,
972,Gael,Hawke,ghawkeqz@java.com,7805820972,,,,,,,,,,,,
973,Valene,Pimblett,vpimblettr0@wired.com,7805820973,,,,,,,,,,,,
974,Shauna,Penelli,spenellir1@sitemeter.com,7805820974,,,,,,,,,,,,
975,Tanney,Dyas,tdyasr2@disqus.com,7805820975,,,,,,,,,,,,
976,Odessa,Dunbobbin,odunbobbinr3@weebly.com,7805820976,,,,,,,,,,,,
977,Marchall,Farrer,mfarrerr4@cbslocal.com,7805820977,,,,,,,,,,,,
978,Nicola,Michie,nmichier5@purevolume.com,7805820978,,,,,,,,,,,,
979,Carina,Blasgen,cblasgenr6@tumblr.com,7805820979,,,,,,,,,,,,
980,Cristie,Vaudrey,cvaudreyr7@theglobeandmail.com,7805820980,,,,,,,,,,,,
981,Ellene,Brozsset,ebrozssetr8@wsj.com,7805820981,,,,,,,,,,,,
982,Lutero,O'Toole,lotooler9@blogs.com,7805820982,,,,,,,,,,,,
983,Hersh,Puckinghorne,hpuckinghornera@walmart.com,7805820983,,,,,,,,,,,,
984,Nickie,Agge,naggerb@tripod.com,7805820984,,,,,,,,,,,,
985,Marcelo,Abrahmson,mabrahmsonrc@taobao.com,7805820985,,,,,,,,,,,,
986,Hedwig,Dupre,hduprerd@youku.com,7805820986,,,,,,,,,,,,
987,Brandy,Middlehurst,bmiddlehurstre@psu.edu,7805820987,,,,,,,,,,,,
988,Mei,Babber,mbabberrf@imdb.com,7805820988,,,,,,,,,,,,
989,Jeromy,Schimaschke,jschimaschkerg@clickbank.net,7805820989,,,,,,,,,,,,
990,Cornall,Ruberti,crubertirh@multiply.com,7805820990,,,,,,,,,,,,
991,Nathan,Chessman,nchessmanri@nationalgeographic.com,7805820991,,,,,,,,,,,,
992,Meyer,Mishow,mmishowrj@indiatimes.com,7805820992,,,,,,,,,,,,
993,Fernandina,Murch,fmurchrk@ft.com,7805820993,,,,,,,,,,,,
994,Creight,Marsden,cmarsdenrl@nymag.com,7805820994,,,,,,,,,,,,
995,Torrin,Hulson,thulsonrm@blogger.com,7805820995,,,,,,,,,,,,
996,Chilton,Skellington,cskellingtonrn@latimes.com,7805820996,,,,,,,,,,,,
997,Devy,Izhakov,dizhakovro@hibu.com,7805820997,,,,,,,,,,,,
998,Letitia,Jahncke,ljahnckerp@arstechnica.com,7805820998,,,,,,,,,,,,
999,Mohandas,Clee,mcleerq@admin.ch,7805820999,,,,,,,,,,,,
1000,Anitra,Stocks,astocksrr@go.com,7805821000,,,,,,,,,,,,
